model_name,slot_id,timestamp,is_price_peak_slot,price_buy_yuan_per_kwh,ess_net_kw
problem1_coordinated,1,2025-07-14 00:00:00,0,0.42,0.0
problem1_coordinated,2,2025-07-14 00:15:00,0,0.42,0.0
problem1_coordinated,3,2025-07-14 00:30:00,0,0.42,0.0
problem1_coordinated,4,2025-07-14 00:45:00,0,0.42,0.0
problem1_coordinated,5,2025-07-14 01:00:00,0,0.42,0.0
problem1_coordinated,6,2025-07-14 01:15:00,0,0.42,0.0
problem1_coordinated,7,2025-07-14 01:30:00,0,0.42,0.0
problem1_coordinated,8,2025-07-14 01:45:00,0,0.42,0.0
problem1_coordinated,9,2025-07-14 02:00:00,0,0.42,0.0
problem1_coordinated,10,2025-07-14 02:15:00,0,0.42,0.0
problem1_coordinated,11,2025-07-14 02:30:00,0,0.42,0.0
problem1_coordinated,12,2025-07-14 02:45:00,0,0.42,0.0
problem1_coordinated,13,2025-07-14 03:00:00,0,0.42,0.0
problem1_coordinated,14,2025-07-14 03:15:00,0,0.42,0.0
problem1_coordinated,15,2025-07-14 03:30:00,0,0.42,0.0
problem1_coordinated,16,2025-07-14 03:45:00,0,0.42,0.0
problem1_coordinated,17,2025-07-14 04:00:00,0,0.42,0.0
problem1_coordinated,18,2025-07-14 04:15:00,0,0.42,0.0
problem1_coordinated,19,2025-07-14 04:30:00,0,0.42,0.0
problem1_coordinated,20,2025-07-14 04:45:00,0,0.42,0.0
problem1_coordinated,21,2025-07-14 05:00:00,0,0.42,0.0
problem1_coordinated,22,2025-07-14 05:15:00,0,0.42,-300.0
problem1_coordinated,23,2025-07-14 05:30:00,0,0.42,-300.0
problem1_coordinated,24,2025-07-14 05:45:00,0,0.42,-221.05263
problem1_coordinated,25,2025-07-14 06:00:00,0,0.42,-300.0
problem1_coordinated,26,2025-07-14 06:15:00,0,0.42,-300.0
problem1_coordinated,27,2025-07-14 06:30:00,0,0.42,-300.0
problem1_coordinated,28,2025-07-14 06:45:00,0,0.42,-300.0
problem1_coordinated,29,2025-07-14 07:00:00,0,0.75,0.0
problem1_coordinated,30,2025-07-14 07:15:00,0,0.75,0.0
problem1_coordinated,31,2025-07-14 07:30:00,0,0.75,0.0
problem1_coordinated,32,2025-07-14 07:45:00,0,0.75,0.0
problem1_coordinated,33,2025-07-14 08:00:00,0,0.75,0.0
problem1_coordinated,34,2025-07-14 08:15:00,0,0.75,0.0
problem1_coordinated,35,2025-07-14 08:30:00,0,0.75,0.0
problem1_coordinated,36,2025-07-14 08:45:00,0,0.75,0.0
problem1_coordinated,37,2025-07-14 09:00:00,0,0.75,0.0
problem1_coordinated,38,2025-07-14 09:15:00,0,0.75,0.0
problem1_coordinated,39,2025-07-14 09:30:00,0,0.75,0.0
problem1_coordinated,40,2025-07-14 09:45:00,0,0.75,0.0
problem1_coordinated,41,2025-07-14 10:00:00,0,0.75,0.0
problem1_coordinated,42,2025-07-14 10:15:00,0,0.75,0.0
problem1_coordinated,43,2025-07-14 10:30:00,0,0.75,0.0
problem1_coordinated,44,2025-07-14 10:45:00,0,0.75,0.0
problem1_coordinated,45,2025-07-14 11:00:00,0,0.68,0.0
problem1_coordinated,46,2025-07-14 11:15:00,0,0.68,0.0
problem1_coordinated,47,2025-07-14 11:30:00,0,0.68,0.0
problem1_coordinated,48,2025-07-14 11:45:00,0,0.68,0.0
problem1_coordinated,49,2025-07-14 12:00:00,0,0.68,0.0
problem1_coordinated,50,2025-07-14 12:15:00,0,0.68,0.0
problem1_coordinated,51,2025-07-14 12:30:00,0,0.68,0.0
problem1_coordinated,52,2025-07-14 12:45:00,0,0.68,0.0
problem1_coordinated,53,2025-07-14 13:00:00,0,0.68,0.0
problem1_coordinated,54,2025-07-14 13:15:00,0,0.68,0.0
problem1_coordinated,55,2025-07-14 13:30:00,0,0.68,0.0
problem1_coordinated,56,2025-07-14 13:45:00,0,0.68,0.0
problem1_coordinated,57,2025-07-14 14:00:00,0,0.68,0.0
problem1_coordinated,58,2025-07-14 14:15:00,0,0.68,0.0
problem1_coordinated,59,2025-07-14 14:30:00,0,0.68,0.0
problem1_coordinated,60,2025-07-14 14:45:00,0,0.68,0.0
problem1_coordinated,61,2025-07-14 15:00:00,1,0.82,0.0
problem1_coordinated,62,2025-07-14 15:15:00,1,0.82,0.0
problem1_coordinated,63,2025-07-14 15:30:00,1,0.82,0.0
problem1_coordinated,64,2025-07-14 15:45:00,1,0.82,0.0
problem1_coordinated,65,2025-07-14 16:00:00,1,0.82,0.0
problem1_coordinated,66,2025-07-14 16:15:00,1,0.82,0.0
problem1_coordinated,67,2025-07-14 16:30:00,1,0.82,0.0
problem1_coordinated,68,2025-07-14 16:45:00,1,0.82,0.0
problem1_coordinated,69,2025-07-14 17:00:00,1,1.28,300.0
problem1_coordinated,70,2025-07-14 17:15:00,1,1.28,300.0
problem1_coordinated,71,2025-07-14 17:30:00,1,1.28,0.0
problem1_coordinated,72,2025-07-14 17:45:00,1,1.28,0.0
problem1_coordinated,73,2025-07-14 18:00:00,1,1.28,300.0
problem1_coordinated,74,2025-07-14 18:15:00,1,1.28,300.0
problem1_coordinated,75,2025-07-14 18:30:00,1,1.28,48.0
problem1_coordinated,76,2025-07-14 18:45:00,1,1.28,0.0
problem1_coordinated,77,2025-07-14 19:00:00,1,1.28,300.0
problem1_coordinated,78,2025-07-14 19:15:00,1,1.28,300.0
problem1_coordinated,79,2025-07-14 19:30:00,1,1.28,300.0
problem1_coordinated,80,2025-07-14 19:45:00,1,1.28,300.0
problem1_coordinated,81,2025-07-14 20:00:00,1,1.28,300.0
problem1_coordinated,82,2025-07-14 20:15:00,1,1.28,300.0
problem1_coordinated,83,2025-07-14 20:30:00,1,1.28,300.0
problem1_coordinated,84,2025-07-14 20:45:00,1,1.28,300.0
problem1_coordinated,85,2025-07-14 21:00:00,0,0.72,0.0
problem1_coordinated,86,2025-07-14 21:15:00,0,0.72,0.0
problem1_coordinated,87,2025-07-14 21:30:00,0,0.72,0.0
problem1_coordinated,88,2025-07-14 21:45:00,0,0.72,0.0
problem1_coordinated,89,2025-07-14 22:00:00,0,0.72,0.0
problem1_coordinated,90,2025-07-14 22:15:00,0,0.72,0.0
problem1_coordinated,91,2025-07-14 22:30:00,0,0.72,0.0
problem1_coordinated,92,2025-07-14 22:45:00,0,0.72,0.0
problem1_coordinated,93,2025-07-14 23:00:00,0,0.72,0.0
problem1_coordinated,94,2025-07-14 23:15:00,0,0.72,0.0
problem1_coordinated,95,2025-07-14 23:30:00,0,0.72,0.0
problem1_coordinated,96,2025-07-14 23:45:00,0,0.72,0.0
problem1_coordinated,97,2025-07-15 00:00:00,0,0.42,0.0
problem1_coordinated,98,2025-07-15 00:15:00,0,0.42,0.0
problem1_coordinated,99,2025-07-15 00:30:00,0,0.42,0.0
problem1_coordinated,100,2025-07-15 00:45:00,0,0.42,0.0
problem1_coordinated,101,2025-07-15 01:00:00,0,0.42,0.0
problem1_coordinated,102,2025-07-15 01:15:00,0,0.42,0.0
problem1_coordinated,103,2025-07-15 01:30:00,0,0.42,0.0
problem1_coordinated,104,2025-07-15 01:45:00,0,0.42,0.0
problem1_coordinated,105,2025-07-15 02:00:00,0,0.42,0.0
problem1_coordinated,106,2025-07-15 02:15:00,0,0.42,0.0
problem1_coordinated,107,2025-07-15 02:30:00,0,0.42,0.0
problem1_coordinated,108,2025-07-15 02:45:00,0,0.42,0.0
problem1_coordinated,109,2025-07-15 03:00:00,0,0.42,0.0
problem1_coordinated,110,2025-07-15 03:15:00,0,0.42,0.0
problem1_coordinated,111,2025-07-15 03:30:00,0,0.42,-300.0
problem1_coordinated,112,2025-07-15 03:45:00,0,0.42,-300.0
problem1_coordinated,113,2025-07-15 04:00:00,0,0.42,-300.0
problem1_coordinated,114,2025-07-15 04:15:00,0,0.42,-300.0
problem1_coordinated,115,2025-07-15 04:30:00,0,0.42,-300.0
problem1_coordinated,116,2025-07-15 04:45:00,0,0.42,-300.0
problem1_coordinated,117,2025-07-15 05:00:00,0,0.42,-300.0
problem1_coordinated,118,2025-07-15 05:15:00,0,0.42,-300.0
problem1_coordinated,119,2025-07-15 05:30:00,0,0.42,-300.0
problem1_coordinated,120,2025-07-15 05:45:00,0,0.42,-300.0
problem1_coordinated,121,2025-07-15 06:00:00,0,0.42,-300.0
problem1_coordinated,122,2025-07-15 06:15:00,0,0.42,-300.0
problem1_coordinated,123,2025-07-15 06:30:00,0,0.42,-142.10526
problem1_coordinated,124,2025-07-15 06:45:00,0,0.42,-300.0
problem1_coordinated,125,2025-07-15 07:00:00,0,0.75,0.0
problem1_coordinated,126,2025-07-15 07:15:00,0,0.75,0.0
problem1_coordinated,127,2025-07-15 07:30:00,0,0.75,0.0
problem1_coordinated,128,2025-07-15 07:45:00,0,0.75,0.0
problem1_coordinated,129,2025-07-15 08:00:00,0,0.75,0.0
problem1_coordinated,130,2025-07-15 08:15:00,0,0.75,0.0
problem1_coordinated,131,2025-07-15 08:30:00,0,0.75,0.0
problem1_coordinated,132,2025-07-15 08:45:00,0,0.75,0.0
problem1_coordinated,133,2025-07-15 09:00:00,0,0.75,0.0
problem1_coordinated,134,2025-07-15 09:15:00,0,0.75,0.0
problem1_coordinated,135,2025-07-15 09:30:00,0,0.75,0.0
problem1_coordinated,136,2025-07-15 09:45:00,0,0.75,0.0
problem1_coordinated,137,2025-07-15 10:00:00,0,0.75,0.0
problem1_coordinated,138,2025-07-15 10:15:00,0,0.75,0.0
problem1_coordinated,139,2025-07-15 10:30:00,0,0.75,0.0
problem1_coordinated,140,2025-07-15 10:45:00,0,0.75,0.0
problem1_coordinated,141,2025-07-15 11:00:00,0,0.68,0.0
problem1_coordinated,142,2025-07-15 11:15:00,0,0.68,0.0
problem1_coordinated,143,2025-07-15 11:30:00,0,0.68,0.0
problem1_coordinated,144,2025-07-15 11:45:00,0,0.68,0.0
problem1_coordinated,145,2025-07-15 12:00:00,0,0.68,0.0
problem1_coordinated,146,2025-07-15 12:15:00,0,0.68,0.0
problem1_coordinated,147,2025-07-15 12:30:00,0,0.68,0.0
problem1_coordinated,148,2025-07-15 12:45:00,0,0.68,0.0
problem1_coordinated,149,2025-07-15 13:00:00,0,0.68,0.0
problem1_coordinated,150,2025-07-15 13:15:00,0,0.68,0.0
problem1_coordinated,151,2025-07-15 13:30:00,0,0.68,0.0
problem1_coordinated,152,2025-07-15 13:45:00,0,0.68,0.0
problem1_coordinated,153,2025-07-15 14:00:00,0,0.68,0.0
problem1_coordinated,154,2025-07-15 14:15:00,0,0.68,0.0
problem1_coordinated,155,2025-07-15 14:30:00,0,0.68,0.0
problem1_coordinated,156,2025-07-15 14:45:00,0,0.68,0.0
problem1_coordinated,157,2025-07-15 15:00:00,1,0.82,0.0
problem1_coordinated,158,2025-07-15 15:15:00,1,0.82,0.0
problem1_coordinated,159,2025-07-15 15:30:00,1,0.82,0.0
problem1_coordinated,160,2025-07-15 15:45:00,1,0.82,0.0
problem1_coordinated,161,2025-07-15 16:00:00,1,0.82,0.0
problem1_coordinated,162,2025-07-15 16:15:00,1,0.82,0.0
problem1_coordinated,163,2025-07-15 16:30:00,1,0.82,0.0
problem1_coordinated,164,2025-07-15 16:45:00,1,0.82,0.0
problem1_coordinated,165,2025-07-15 17:00:00,1,1.28,48.0
problem1_coordinated,166,2025-07-15 17:15:00,1,1.28,0.0
problem1_coordinated,167,2025-07-15 17:30:00,1,1.28,0.0
problem1_coordinated,168,2025-07-15 17:45:00,1,1.28,0.0
problem1_coordinated,169,2025-07-15 18:00:00,1,1.28,300.0
problem1_coordinated,170,2025-07-15 18:15:00,1,1.28,300.0
problem1_coordinated,171,2025-07-15 18:30:00,1,1.28,300.0
problem1_coordinated,172,2025-07-15 18:45:00,1,1.28,300.0
problem1_coordinated,173,2025-07-15 19:00:00,1,1.28,300.0
problem1_coordinated,174,2025-07-15 19:15:00,1,1.28,300.0
problem1_coordinated,175,2025-07-15 19:30:00,1,1.28,300.0
problem1_coordinated,176,2025-07-15 19:45:00,1,1.28,300.0
problem1_coordinated,177,2025-07-15 20:00:00,1,1.28,300.0
problem1_coordinated,178,2025-07-15 20:15:00,1,1.28,300.0
problem1_coordinated,179,2025-07-15 20:30:00,1,1.28,300.0
problem1_coordinated,180,2025-07-15 20:45:00,1,1.28,300.0
problem1_coordinated,181,2025-07-15 21:00:00,0,0.72,0.0
problem1_coordinated,182,2025-07-15 21:15:00,0,0.72,0.0
problem1_coordinated,183,2025-07-15 21:30:00,0,0.72,0.0
problem1_coordinated,184,2025-07-15 21:45:00,0,0.72,0.0
problem1_coordinated,185,2025-07-15 22:00:00,0,0.72,0.0
problem1_coordinated,186,2025-07-15 22:15:00,0,0.72,0.0
problem1_coordinated,187,2025-07-15 22:30:00,0,0.72,0.0
problem1_coordinated,188,2025-07-15 22:45:00,0,0.72,0.0
problem1_coordinated,189,2025-07-15 23:00:00,0,0.72,0.0
problem1_coordinated,190,2025-07-15 23:15:00,0,0.72,0.0
problem1_coordinated,191,2025-07-15 23:30:00,0,0.72,0.0
problem1_coordinated,192,2025-07-15 23:45:00,0,0.72,0.0
problem1_coordinated,193,2025-07-16 00:00:00,0,0.42,0.0
problem1_coordinated,194,2025-07-16 00:15:00,0,0.42,0.0
problem1_coordinated,195,2025-07-16 00:30:00,0,0.42,0.0
problem1_coordinated,196,2025-07-16 00:45:00,0,0.42,0.0
problem1_coordinated,197,2025-07-16 01:00:00,0,0.42,0.0
problem1_coordinated,198,2025-07-16 01:15:00,0,0.42,0.0
problem1_coordinated,199,2025-07-16 01:30:00,0,0.42,0.0
problem1_coordinated,200,2025-07-16 01:45:00,0,0.42,0.0
problem1_coordinated,201,2025-07-16 02:00:00,0,0.42,0.0
problem1_coordinated,202,2025-07-16 02:15:00,0,0.42,0.0
problem1_coordinated,203,2025-07-16 02:30:00,0,0.42,0.0
problem1_coordinated,204,2025-07-16 02:45:00,0,0.42,0.0
problem1_coordinated,205,2025-07-16 03:00:00,0,0.42,0.0
problem1_coordinated,206,2025-07-16 03:15:00,0,0.42,-300.0
problem1_coordinated,207,2025-07-16 03:30:00,0,0.42,-300.0
problem1_coordinated,208,2025-07-16 03:45:00,0,0.42,-142.10526
problem1_coordinated,209,2025-07-16 04:00:00,0,0.42,-300.0
problem1_coordinated,210,2025-07-16 04:15:00,0,0.42,-300.0
problem1_coordinated,211,2025-07-16 04:30:00,0,0.42,-300.0
problem1_coordinated,212,2025-07-16 04:45:00,0,0.42,-300.0
problem1_coordinated,213,2025-07-16 05:00:00,0,0.42,-300.0
problem1_coordinated,214,2025-07-16 05:15:00,0,0.42,-300.0
problem1_coordinated,215,2025-07-16 05:30:00,0,0.42,-300.0
problem1_coordinated,216,2025-07-16 05:45:00,0,0.42,-300.0
problem1_coordinated,217,2025-07-16 06:00:00,0,0.42,0.0
problem1_coordinated,218,2025-07-16 06:15:00,0,0.42,-300.0
problem1_coordinated,219,2025-07-16 06:30:00,0,0.42,-300.0
problem1_coordinated,220,2025-07-16 06:45:00,0,0.42,-300.0
problem1_coordinated,221,2025-07-16 07:00:00,0,0.75,0.0
problem1_coordinated,222,2025-07-16 07:15:00,0,0.75,0.0
problem1_coordinated,223,2025-07-16 07:30:00,0,0.75,0.0
problem1_coordinated,224,2025-07-16 07:45:00,0,0.75,0.0
problem1_coordinated,225,2025-07-16 08:00:00,0,0.75,0.0
problem1_coordinated,226,2025-07-16 08:15:00,0,0.75,0.0
problem1_coordinated,227,2025-07-16 08:30:00,0,0.75,0.0
problem1_coordinated,228,2025-07-16 08:45:00,0,0.75,0.0
problem1_coordinated,229,2025-07-16 09:00:00,0,0.75,0.0
problem1_coordinated,230,2025-07-16 09:15:00,0,0.75,0.0
problem1_coordinated,231,2025-07-16 09:30:00,0,0.75,0.0
problem1_coordinated,232,2025-07-16 09:45:00,0,0.75,0.0
problem1_coordinated,233,2025-07-16 10:00:00,0,0.75,0.0
problem1_coordinated,234,2025-07-16 10:15:00,0,0.75,0.0
problem1_coordinated,235,2025-07-16 10:30:00,0,0.75,0.0
problem1_coordinated,236,2025-07-16 10:45:00,0,0.75,0.0
problem1_coordinated,237,2025-07-16 11:00:00,0,0.68,0.0
problem1_coordinated,238,2025-07-16 11:15:00,0,0.68,0.0
problem1_coordinated,239,2025-07-16 11:30:00,0,0.68,0.0
problem1_coordinated,240,2025-07-16 11:45:00,0,0.68,0.0
problem1_coordinated,241,2025-07-16 12:00:00,0,0.68,0.0
problem1_coordinated,242,2025-07-16 12:15:00,0,0.68,0.0
problem1_coordinated,243,2025-07-16 12:30:00,0,0.68,0.0
problem1_coordinated,244,2025-07-16 12:45:00,0,0.68,0.0
problem1_coordinated,245,2025-07-16 13:00:00,0,0.68,0.0
problem1_coordinated,246,2025-07-16 13:15:00,0,0.68,0.0
problem1_coordinated,247,2025-07-16 13:30:00,0,0.68,0.0
problem1_coordinated,248,2025-07-16 13:45:00,0,0.68,0.0
problem1_coordinated,249,2025-07-16 14:00:00,0,0.68,0.0
problem1_coordinated,250,2025-07-16 14:15:00,0,0.68,0.0
problem1_coordinated,251,2025-07-16 14:30:00,0,0.68,0.0
problem1_coordinated,252,2025-07-16 14:45:00,0,0.68,0.0
problem1_coordinated,253,2025-07-16 15:00:00,1,0.82,0.0
problem1_coordinated,254,2025-07-16 15:15:00,1,0.82,0.0
problem1_coordinated,255,2025-07-16 15:30:00,1,0.82,0.0
problem1_coordinated,256,2025-07-16 15:45:00,1,0.82,0.0
problem1_coordinated,257,2025-07-16 16:00:00,1,0.82,0.0
problem1_coordinated,258,2025-07-16 16:15:00,1,0.82,0.0
problem1_coordinated,259,2025-07-16 16:30:00,1,0.82,0.0
problem1_coordinated,260,2025-07-16 16:45:00,1,0.82,0.0
problem1_coordinated,261,2025-07-16 17:00:00,1,1.28,0.0
problem1_coordinated,262,2025-07-16 17:15:00,1,1.28,0.0
problem1_coordinated,263,2025-07-16 17:30:00,1,1.28,0.0
problem1_coordinated,264,2025-07-16 17:45:00,1,1.28,300.0
problem1_coordinated,265,2025-07-16 18:00:00,1,1.28,300.0
problem1_coordinated,266,2025-07-16 18:15:00,1,1.28,300.0
problem1_coordinated,267,2025-07-16 18:30:00,1,1.28,300.0
problem1_coordinated,268,2025-07-16 18:45:00,1,1.28,300.0
problem1_coordinated,269,2025-07-16 19:00:00,1,1.28,300.0
problem1_coordinated,270,2025-07-16 19:15:00,1,1.28,300.0
problem1_coordinated,271,2025-07-16 19:30:00,1,1.28,300.0
problem1_coordinated,272,2025-07-16 19:45:00,1,1.28,300.0
problem1_coordinated,273,2025-07-16 20:00:00,1,1.28,300.0
problem1_coordinated,274,2025-07-16 20:15:00,1,1.28,300.0
problem1_coordinated,275,2025-07-16 20:30:00,1,1.28,300.0
problem1_coordinated,276,2025-07-16 20:45:00,1,1.28,48.0
problem1_coordinated,277,2025-07-16 21:00:00,0,0.72,0.0
problem1_coordinated,278,2025-07-16 21:15:00,0,0.72,0.0
problem1_coordinated,279,2025-07-16 21:30:00,0,0.72,0.0
problem1_coordinated,280,2025-07-16 21:45:00,0,0.72,0.0
problem1_coordinated,281,2025-07-16 22:00:00,0,0.72,0.0
problem1_coordinated,282,2025-07-16 22:15:00,0,0.72,0.0
problem1_coordinated,283,2025-07-16 22:30:00,0,0.72,0.0
problem1_coordinated,284,2025-07-16 22:45:00,0,0.72,0.0
problem1_coordinated,285,2025-07-16 23:00:00,0,0.72,0.0
problem1_coordinated,286,2025-07-16 23:15:00,0,0.72,0.0
problem1_coordinated,287,2025-07-16 23:30:00,0,0.72,0.0
problem1_coordinated,288,2025-07-16 23:45:00,0,0.72,0.0
problem1_coordinated,289,2025-07-17 00:00:00,0,0.42,0.0
problem1_coordinated,290,2025-07-17 00:15:00,0,0.42,0.0
problem1_coordinated,291,2025-07-17 00:30:00,0,0.42,0.0
problem1_coordinated,292,2025-07-17 00:45:00,0,0.42,0.0
problem1_coordinated,293,2025-07-17 01:00:00,0,0.42,0.0
problem1_coordinated,294,2025-07-17 01:15:00,0,0.42,0.0
problem1_coordinated,295,2025-07-17 01:30:00,0,0.42,0.0
problem1_coordinated,296,2025-07-17 01:45:00,0,0.42,0.0
problem1_coordinated,297,2025-07-17 02:00:00,0,0.42,0.0
problem1_coordinated,298,2025-07-17 02:15:00,0,0.42,0.0
problem1_coordinated,299,2025-07-17 02:30:00,0,0.42,0.0
problem1_coordinated,300,2025-07-17 02:45:00,0,0.42,0.0
problem1_coordinated,301,2025-07-17 03:00:00,0,0.42,0.0
problem1_coordinated,302,2025-07-17 03:15:00,0,0.42,0.0
problem1_coordinated,303,2025-07-17 03:30:00,0,0.42,-300.0
problem1_coordinated,304,2025-07-17 03:45:00,0,0.42,-142.10526
problem1_coordinated,305,2025-07-17 04:00:00,0,0.42,-300.0
problem1_coordinated,306,2025-07-17 04:15:00,0,0.42,-300.0
problem1_coordinated,307,2025-07-17 04:30:00,0,0.42,-300.0
problem1_coordinated,308,2025-07-17 04:45:00,0,0.42,-300.0
problem1_coordinated,309,2025-07-17 05:00:00,0,0.42,-300.0
problem1_coordinated,310,2025-07-17 05:15:00,0,0.42,-300.0
problem1_coordinated,311,2025-07-17 05:30:00,0,0.42,-300.0
problem1_coordinated,312,2025-07-17 05:45:00,0,0.42,-300.0
problem1_coordinated,313,2025-07-17 06:00:00,0,0.42,-300.0
problem1_coordinated,314,2025-07-17 06:15:00,0,0.42,-300.0
problem1_coordinated,315,2025-07-17 06:30:00,0,0.42,-300.0
problem1_coordinated,316,2025-07-17 06:45:00,0,0.42,-300.0
problem1_coordinated,317,2025-07-17 07:00:00,0,0.75,0.0
problem1_coordinated,318,2025-07-17 07:15:00,0,0.75,0.0
problem1_coordinated,319,2025-07-17 07:30:00,0,0.75,0.0
problem1_coordinated,320,2025-07-17 07:45:00,0,0.75,0.0
problem1_coordinated,321,2025-07-17 08:00:00,0,0.75,0.0
problem1_coordinated,322,2025-07-17 08:15:00,0,0.75,0.0
problem1_coordinated,323,2025-07-17 08:30:00,0,0.75,0.0
problem1_coordinated,324,2025-07-17 08:45:00,0,0.75,0.0
problem1_coordinated,325,2025-07-17 09:00:00,0,0.75,0.0
problem1_coordinated,326,2025-07-17 09:15:00,0,0.75,0.0
problem1_coordinated,327,2025-07-17 09:30:00,0,0.75,0.0
problem1_coordinated,328,2025-07-17 09:45:00,0,0.75,0.0
problem1_coordinated,329,2025-07-17 10:00:00,0,0.75,0.0
problem1_coordinated,330,2025-07-17 10:15:00,0,0.75,0.0
problem1_coordinated,331,2025-07-17 10:30:00,0,0.75,0.0
problem1_coordinated,332,2025-07-17 10:45:00,0,0.75,0.0
problem1_coordinated,333,2025-07-17 11:00:00,0,0.68,0.0
problem1_coordinated,334,2025-07-17 11:15:00,0,0.68,0.0
problem1_coordinated,335,2025-07-17 11:30:00,0,0.68,0.0
problem1_coordinated,336,2025-07-17 11:45:00,0,0.68,0.0
problem1_coordinated,337,2025-07-17 12:00:00,0,0.68,0.0
problem1_coordinated,338,2025-07-17 12:15:00,0,0.68,0.0
problem1_coordinated,339,2025-07-17 12:30:00,0,0.68,0.0
problem1_coordinated,340,2025-07-17 12:45:00,0,0.68,0.0
problem1_coordinated,341,2025-07-17 13:00:00,0,0.68,0.0
problem1_coordinated,342,2025-07-17 13:15:00,0,0.68,0.0
problem1_coordinated,343,2025-07-17 13:30:00,0,0.68,0.0
problem1_coordinated,344,2025-07-17 13:45:00,0,0.68,0.0
problem1_coordinated,345,2025-07-17 14:00:00,0,0.68,0.0
problem1_coordinated,346,2025-07-17 14:15:00,0,0.68,0.0
problem1_coordinated,347,2025-07-17 14:30:00,0,0.68,0.0
problem1_coordinated,348,2025-07-17 14:45:00,0,0.68,0.0
problem1_coordinated,349,2025-07-17 15:00:00,1,0.82,0.0
problem1_coordinated,350,2025-07-17 15:15:00,1,0.82,0.0
problem1_coordinated,351,2025-07-17 15:30:00,1,0.82,0.0
problem1_coordinated,352,2025-07-17 15:45:00,1,0.82,0.0
problem1_coordinated,353,2025-07-17 16:00:00,1,0.82,0.0
problem1_coordinated,354,2025-07-17 16:15:00,1,0.82,0.0
problem1_coordinated,355,2025-07-17 16:30:00,1,0.82,0.0
problem1_coordinated,356,2025-07-17 16:45:00,1,0.82,0.0
problem1_coordinated,357,2025-07-17 17:00:00,1,1.28,300.0
problem1_coordinated,358,2025-07-17 17:15:00,1,1.28,300.0
problem1_coordinated,359,2025-07-17 17:30:00,1,1.28,300.0
problem1_coordinated,360,2025-07-17 17:45:00,1,1.28,300.0
problem1_coordinated,361,2025-07-17 18:00:00,1,1.28,300.0
problem1_coordinated,362,2025-07-17 18:15:00,1,1.28,300.0
problem1_coordinated,363,2025-07-17 18:30:00,1,1.28,300.0
problem1_coordinated,364,2025-07-17 18:45:00,1,1.28,300.0
problem1_coordinated,365,2025-07-17 19:00:00,1,1.28,300.0
problem1_coordinated,366,2025-07-17 19:15:00,1,1.28,300.0
problem1_coordinated,367,2025-07-17 19:30:00,1,1.28,300.0
problem1_coordinated,368,2025-07-17 19:45:00,1,1.28,0.0
problem1_coordinated,369,2025-07-17 20:00:00,1,1.28,0.0
problem1_coordinated,370,2025-07-17 20:15:00,1,1.28,0.0
problem1_coordinated,371,2025-07-17 20:30:00,1,1.28,300.0
problem1_coordinated,372,2025-07-17 20:45:00,1,1.28,48.0
problem1_coordinated,373,2025-07-17 21:00:00,0,0.72,0.0
problem1_coordinated,374,2025-07-17 21:15:00,0,0.72,0.0
problem1_coordinated,375,2025-07-17 21:30:00,0,0.72,0.0
problem1_coordinated,376,2025-07-17 21:45:00,0,0.72,0.0
problem1_coordinated,377,2025-07-17 22:00:00,0,0.72,0.0
problem1_coordinated,378,2025-07-17 22:15:00,0,0.72,0.0
problem1_coordinated,379,2025-07-17 22:30:00,0,0.72,0.0
problem1_coordinated,380,2025-07-17 22:45:00,0,0.72,0.0
problem1_coordinated,381,2025-07-17 23:00:00,0,0.72,0.0
problem1_coordinated,382,2025-07-17 23:15:00,0,0.72,0.0
problem1_coordinated,383,2025-07-17 23:30:00,0,0.72,0.0
problem1_coordinated,384,2025-07-17 23:45:00,0,0.72,0.0
problem1_coordinated,385,2025-07-18 00:00:00,0,0.42,0.0
problem1_coordinated,386,2025-07-18 00:15:00,0,0.42,0.0
problem1_coordinated,387,2025-07-18 00:30:00,0,0.42,0.0
problem1_coordinated,388,2025-07-18 00:45:00,0,0.42,0.0
problem1_coordinated,389,2025-07-18 01:00:00,0,0.42,0.0
problem1_coordinated,390,2025-07-18 01:15:00,0,0.42,0.0
problem1_coordinated,391,2025-07-18 01:30:00,0,0.42,0.0
problem1_coordinated,392,2025-07-18 01:45:00,0,0.42,0.0
problem1_coordinated,393,2025-07-18 02:00:00,0,0.42,0.0
problem1_coordinated,394,2025-07-18 02:15:00,0,0.42,0.0
problem1_coordinated,395,2025-07-18 02:30:00,0,0.42,0.0
problem1_coordinated,396,2025-07-18 02:45:00,0,0.42,0.0
problem1_coordinated,397,2025-07-18 03:00:00,0,0.42,0.0
problem1_coordinated,398,2025-07-18 03:15:00,0,0.42,0.0
problem1_coordinated,399,2025-07-18 03:30:00,0,0.42,-300.0
problem1_coordinated,400,2025-07-18 03:45:00,0,0.42,-300.0
problem1_coordinated,401,2025-07-18 04:00:00,0,0.42,-300.0
problem1_coordinated,402,2025-07-18 04:15:00,0,0.42,-300.0
problem1_coordinated,403,2025-07-18 04:30:00,0,0.42,-300.0
problem1_coordinated,404,2025-07-18 04:45:00,0,0.42,-300.0
problem1_coordinated,405,2025-07-18 05:00:00,0,0.42,-300.0
problem1_coordinated,406,2025-07-18 05:15:00,0,0.42,-142.10526
problem1_coordinated,407,2025-07-18 05:30:00,0,0.42,-300.0
problem1_coordinated,408,2025-07-18 05:45:00,0,0.42,-300.0
problem1_coordinated,409,2025-07-18 06:00:00,0,0.42,-300.0
problem1_coordinated,410,2025-07-18 06:15:00,0,0.42,-300.0
problem1_coordinated,411,2025-07-18 06:30:00,0,0.42,-300.0
problem1_coordinated,412,2025-07-18 06:45:00,0,0.42,-300.0
problem1_coordinated,413,2025-07-18 07:00:00,0,0.75,0.0
problem1_coordinated,414,2025-07-18 07:15:00,0,0.75,0.0
problem1_coordinated,415,2025-07-18 07:30:00,0,0.75,0.0
problem1_coordinated,416,2025-07-18 07:45:00,0,0.75,0.0
problem1_coordinated,417,2025-07-18 08:00:00,0,0.75,0.0
problem1_coordinated,418,2025-07-18 08:15:00,0,0.75,0.0
problem1_coordinated,419,2025-07-18 08:30:00,0,0.75,0.0
problem1_coordinated,420,2025-07-18 08:45:00,0,0.75,0.0
problem1_coordinated,421,2025-07-18 09:00:00,0,0.75,0.0
problem1_coordinated,422,2025-07-18 09:15:00,0,0.75,0.0
problem1_coordinated,423,2025-07-18 09:30:00,0,0.75,0.0
problem1_coordinated,424,2025-07-18 09:45:00,0,0.75,0.0
problem1_coordinated,425,2025-07-18 10:00:00,0,0.75,0.0
problem1_coordinated,426,2025-07-18 10:15:00,0,0.75,0.0
problem1_coordinated,427,2025-07-18 10:30:00,0,0.75,0.0
problem1_coordinated,428,2025-07-18 10:45:00,0,0.75,0.0
problem1_coordinated,429,2025-07-18 11:00:00,0,0.68,0.0
problem1_coordinated,430,2025-07-18 11:15:00,0,0.68,0.0
problem1_coordinated,431,2025-07-18 11:30:00,0,0.68,0.0
problem1_coordinated,432,2025-07-18 11:45:00,0,0.68,0.0
problem1_coordinated,433,2025-07-18 12:00:00,0,0.68,0.0
problem1_coordinated,434,2025-07-18 12:15:00,0,0.68,0.0
problem1_coordinated,435,2025-07-18 12:30:00,0,0.68,0.0
problem1_coordinated,436,2025-07-18 12:45:00,0,0.68,0.0
problem1_coordinated,437,2025-07-18 13:00:00,0,0.68,0.0
problem1_coordinated,438,2025-07-18 13:15:00,0,0.68,0.0
problem1_coordinated,439,2025-07-18 13:30:00,0,0.68,0.0
problem1_coordinated,440,2025-07-18 13:45:00,0,0.68,0.0
problem1_coordinated,441,2025-07-18 14:00:00,0,0.68,0.0
problem1_coordinated,442,2025-07-18 14:15:00,0,0.68,0.0
problem1_coordinated,443,2025-07-18 14:30:00,0,0.68,0.0
problem1_coordinated,444,2025-07-18 14:45:00,0,0.68,0.0
problem1_coordinated,445,2025-07-18 15:00:00,1,0.82,0.0
problem1_coordinated,446,2025-07-18 15:15:00,1,0.82,0.0
problem1_coordinated,447,2025-07-18 15:30:00,1,0.82,0.0
problem1_coordinated,448,2025-07-18 15:45:00,1,0.82,0.0
problem1_coordinated,449,2025-07-18 16:00:00,1,0.82,0.0
problem1_coordinated,450,2025-07-18 16:15:00,1,0.82,0.0
problem1_coordinated,451,2025-07-18 16:30:00,1,0.82,0.0
problem1_coordinated,452,2025-07-18 16:45:00,1,0.82,0.0
problem1_coordinated,453,2025-07-18 17:00:00,1,1.28,300.0
problem1_coordinated,454,2025-07-18 17:15:00,1,1.28,300.0
problem1_coordinated,455,2025-07-18 17:30:00,1,1.28,300.0
problem1_coordinated,456,2025-07-18 17:45:00,1,1.28,300.0
problem1_coordinated,457,2025-07-18 18:00:00,1,1.28,300.0
problem1_coordinated,458,2025-07-18 18:15:00,1,1.28,300.0
problem1_coordinated,459,2025-07-18 18:30:00,1,1.28,300.0
problem1_coordinated,460,2025-07-18 18:45:00,1,1.28,300.0
problem1_coordinated,461,2025-07-18 19:00:00,1,1.28,0.0
problem1_coordinated,462,2025-07-18 19:15:00,1,1.28,0.0
problem1_coordinated,463,2025-07-18 19:30:00,1,1.28,0.0
problem1_coordinated,464,2025-07-18 19:45:00,1,1.28,48.0
problem1_coordinated,465,2025-07-18 20:00:00,1,1.28,300.0
problem1_coordinated,466,2025-07-18 20:15:00,1,1.28,300.0
problem1_coordinated,467,2025-07-18 20:30:00,1,1.28,300.0
problem1_coordinated,468,2025-07-18 20:45:00,1,1.28,300.0
problem1_coordinated,469,2025-07-18 21:00:00,0,0.72,0.0
problem1_coordinated,470,2025-07-18 21:15:00,0,0.72,0.0
problem1_coordinated,471,2025-07-18 21:30:00,0,0.72,0.0
problem1_coordinated,472,2025-07-18 21:45:00,0,0.72,0.0
problem1_coordinated,473,2025-07-18 22:00:00,0,0.72,0.0
problem1_coordinated,474,2025-07-18 22:15:00,0,0.72,0.0
problem1_coordinated,475,2025-07-18 22:30:00,0,0.72,0.0
problem1_coordinated,476,2025-07-18 22:45:00,0,0.72,0.0
problem1_coordinated,477,2025-07-18 23:00:00,0,0.72,0.0
problem1_coordinated,478,2025-07-18 23:15:00,0,0.72,0.0
problem1_coordinated,479,2025-07-18 23:30:00,0,0.72,0.0
problem1_coordinated,480,2025-07-18 23:45:00,0,0.72,0.0
problem1_coordinated,481,2025-07-19 00:00:00,0,0.4,0.0
problem1_coordinated,482,2025-07-19 00:15:00,0,0.4,0.0
problem1_coordinated,483,2025-07-19 00:30:00,0,0.4,0.0
problem1_coordinated,484,2025-07-19 00:45:00,0,0.4,0.0
problem1_coordinated,485,2025-07-19 01:00:00,0,0.4,0.0
problem1_coordinated,486,2025-07-19 01:15:00,0,0.4,0.0
problem1_coordinated,487,2025-07-19 01:30:00,0,0.4,0.0
problem1_coordinated,488,2025-07-19 01:45:00,0,0.4,0.0
problem1_coordinated,489,2025-07-19 02:00:00,0,0.4,0.0
problem1_coordinated,490,2025-07-19 02:15:00,0,0.4,0.0
problem1_coordinated,491,2025-07-19 02:30:00,0,0.4,0.0
problem1_coordinated,492,2025-07-19 02:45:00,0,0.4,-142.10526
problem1_coordinated,493,2025-07-19 03:00:00,0,0.4,0.0
problem1_coordinated,494,2025-07-19 03:15:00,0,0.4,0.0
problem1_coordinated,495,2025-07-19 03:30:00,0,0.4,0.0
problem1_coordinated,496,2025-07-19 03:45:00,0,0.4,0.0
problem1_coordinated,497,2025-07-19 04:00:00,0,0.4,0.0
problem1_coordinated,498,2025-07-19 04:15:00,0,0.4,0.0
problem1_coordinated,499,2025-07-19 04:30:00,0,0.4,0.0
problem1_coordinated,500,2025-07-19 04:45:00,0,0.4,-300.0
problem1_coordinated,501,2025-07-19 05:00:00,0,0.4,-300.0
problem1_coordinated,502,2025-07-19 05:15:00,0,0.4,-300.0
problem1_coordinated,503,2025-07-19 05:30:00,0,0.4,-300.0
problem1_coordinated,504,2025-07-19 05:45:00,0,0.4,-300.0
problem1_coordinated,505,2025-07-19 06:00:00,0,0.4,-300.0
problem1_coordinated,506,2025-07-19 06:15:00,0,0.4,-300.0
problem1_coordinated,507,2025-07-19 06:30:00,0,0.4,-300.0
problem1_coordinated,508,2025-07-19 06:45:00,0,0.4,-300.0
problem1_coordinated,509,2025-07-19 07:00:00,0,0.4,-300.0
problem1_coordinated,510,2025-07-19 07:15:00,0,0.4,-300.0
problem1_coordinated,511,2025-07-19 07:30:00,0,0.4,-300.0
problem1_coordinated,512,2025-07-19 07:45:00,0,0.4,-300.0
problem1_coordinated,513,2025-07-19 08:00:00,0,0.62,0.0
problem1_coordinated,514,2025-07-19 08:15:00,0,0.62,48.0
problem1_coordinated,515,2025-07-19 08:30:00,0,0.62,0.0
problem1_coordinated,516,2025-07-19 08:45:00,0,0.62,0.0
problem1_coordinated,517,2025-07-19 09:00:00,0,0.62,0.0
problem1_coordinated,518,2025-07-19 09:15:00,0,0.62,0.0
problem1_coordinated,519,2025-07-19 09:30:00,0,0.62,0.0
problem1_coordinated,520,2025-07-19 09:45:00,0,0.62,0.0
problem1_coordinated,521,2025-07-19 10:00:00,0,0.62,0.0
problem1_coordinated,522,2025-07-19 10:15:00,0,0.62,0.0
problem1_coordinated,523,2025-07-19 10:30:00,0,0.62,0.0
problem1_coordinated,524,2025-07-19 10:45:00,0,0.62,0.0
problem1_coordinated,525,2025-07-19 11:00:00,0,0.62,0.0
problem1_coordinated,526,2025-07-19 11:15:00,0,0.62,0.0
problem1_coordinated,527,2025-07-19 11:30:00,0,0.62,0.0
problem1_coordinated,528,2025-07-19 11:45:00,0,0.62,0.0
problem1_coordinated,529,2025-07-19 12:00:00,0,0.62,0.0
problem1_coordinated,530,2025-07-19 12:15:00,0,0.62,0.0
problem1_coordinated,531,2025-07-19 12:30:00,0,0.62,0.0
problem1_coordinated,532,2025-07-19 12:45:00,0,0.62,0.0
problem1_coordinated,533,2025-07-19 13:00:00,0,0.62,0.0
problem1_coordinated,534,2025-07-19 13:15:00,0,0.62,0.0
problem1_coordinated,535,2025-07-19 13:30:00,0,0.62,0.0
problem1_coordinated,536,2025-07-19 13:45:00,0,0.62,0.0
problem1_coordinated,537,2025-07-19 14:00:00,0,0.62,0.0
problem1_coordinated,538,2025-07-19 14:15:00,0,0.62,0.0
problem1_coordinated,539,2025-07-19 14:30:00,0,0.62,0.0
problem1_coordinated,540,2025-07-19 14:45:00,0,0.62,0.0
problem1_coordinated,541,2025-07-19 15:00:00,0,0.62,0.0
problem1_coordinated,542,2025-07-19 15:15:00,0,0.62,0.0
problem1_coordinated,543,2025-07-19 15:30:00,0,0.62,0.0
problem1_coordinated,544,2025-07-19 15:45:00,0,0.62,0.0
problem1_coordinated,545,2025-07-19 16:00:00,0,0.62,0.0
problem1_coordinated,546,2025-07-19 16:15:00,0,0.62,0.0
problem1_coordinated,547,2025-07-19 16:30:00,0,0.62,0.0
problem1_coordinated,548,2025-07-19 16:45:00,0,0.62,0.0
problem1_coordinated,549,2025-07-19 17:00:00,0,0.62,0.0
problem1_coordinated,550,2025-07-19 17:15:00,0,0.62,0.0
problem1_coordinated,551,2025-07-19 17:30:00,0,0.62,0.0
problem1_coordinated,552,2025-07-19 17:45:00,0,0.62,0.0
problem1_coordinated,553,2025-07-19 18:00:00,1,0.78,300.0
problem1_coordinated,554,2025-07-19 18:15:00,1,0.78,300.0
problem1_coordinated,555,2025-07-19 18:30:00,1,0.78,300.0
problem1_coordinated,556,2025-07-19 18:45:00,1,0.78,300.0
problem1_coordinated,557,2025-07-19 19:00:00,1,0.78,300.0
problem1_coordinated,558,2025-07-19 19:15:00,1,0.78,300.0
problem1_coordinated,559,2025-07-19 19:30:00,1,0.78,300.0
problem1_coordinated,560,2025-07-19 19:45:00,1,0.78,300.0
problem1_coordinated,561,2025-07-19 20:00:00,1,0.78,300.0
problem1_coordinated,562,2025-07-19 20:15:00,1,0.78,300.0
problem1_coordinated,563,2025-07-19 20:30:00,1,0.78,300.0
problem1_coordinated,564,2025-07-19 20:45:00,1,0.78,300.0
problem1_coordinated,565,2025-07-19 21:00:00,0,0.55,0.0
problem1_coordinated,566,2025-07-19 21:15:00,0,0.55,0.0
problem1_coordinated,567,2025-07-19 21:30:00,0,0.55,0.0
problem1_coordinated,568,2025-07-19 21:45:00,0,0.55,0.0
problem1_coordinated,569,2025-07-19 22:00:00,0,0.55,0.0
problem1_coordinated,570,2025-07-19 22:15:00,0,0.55,0.0
problem1_coordinated,571,2025-07-19 22:30:00,0,0.55,0.0
problem1_coordinated,572,2025-07-19 22:45:00,0,0.55,0.0
problem1_coordinated,573,2025-07-19 23:00:00,0,0.55,0.0
problem1_coordinated,574,2025-07-19 23:15:00,0,0.55,0.0
problem1_coordinated,575,2025-07-19 23:30:00,0,0.55,0.0
problem1_coordinated,576,2025-07-19 23:45:00,0,0.55,0.0
problem1_coordinated,577,2025-07-20 00:00:00,0,0.4,0.0
problem1_coordinated,578,2025-07-20 00:15:00,0,0.4,0.0
problem1_coordinated,579,2025-07-20 00:30:00,0,0.4,0.0
problem1_coordinated,580,2025-07-20 00:45:00,0,0.4,0.0
problem1_coordinated,581,2025-07-20 01:00:00,0,0.4,0.0
problem1_coordinated,582,2025-07-20 01:15:00,0,0.4,0.0
problem1_coordinated,583,2025-07-20 01:30:00,0,0.4,0.0
problem1_coordinated,584,2025-07-20 01:45:00,0,0.4,0.0
problem1_coordinated,585,2025-07-20 02:00:00,0,0.4,0.0
problem1_coordinated,586,2025-07-20 02:15:00,0,0.4,0.0
problem1_coordinated,587,2025-07-20 02:30:00,0,0.4,0.0
problem1_coordinated,588,2025-07-20 02:45:00,0,0.4,0.0
problem1_coordinated,589,2025-07-20 03:00:00,0,0.4,0.0
problem1_coordinated,590,2025-07-20 03:15:00,0,0.4,0.0
problem1_coordinated,591,2025-07-20 03:30:00,0,0.4,0.0
problem1_coordinated,592,2025-07-20 03:45:00,0,0.4,0.0
problem1_coordinated,593,2025-07-20 04:00:00,0,0.4,0.0
problem1_coordinated,594,2025-07-20 04:15:00,0,0.4,0.0
problem1_coordinated,595,2025-07-20 04:30:00,0,0.4,-300.0
problem1_coordinated,596,2025-07-20 04:45:00,0,0.4,-300.0
problem1_coordinated,597,2025-07-20 05:00:00,0,0.4,-300.0
problem1_coordinated,598,2025-07-20 05:15:00,0,0.4,-300.0
problem1_coordinated,599,2025-07-20 05:30:00,0,0.4,-300.0
problem1_coordinated,600,2025-07-20 05:45:00,0,0.4,-300.0
problem1_coordinated,601,2025-07-20 06:00:00,0,0.4,-300.0
problem1_coordinated,602,2025-07-20 06:15:00,0,0.4,-300.0
problem1_coordinated,603,2025-07-20 06:30:00,0,0.4,-300.0
problem1_coordinated,604,2025-07-20 06:45:00,0,0.4,-300.0
problem1_coordinated,605,2025-07-20 07:00:00,0,0.4,-300.0
problem1_coordinated,606,2025-07-20 07:15:00,0,0.4,-300.0
problem1_coordinated,607,2025-07-20 07:30:00,0,0.4,-142.10526
problem1_coordinated,608,2025-07-20 07:45:00,0,0.4,-300.0
problem1_coordinated,609,2025-07-20 08:00:00,0,0.62,0.0
problem1_coordinated,610,2025-07-20 08:15:00,0,0.62,0.0
problem1_coordinated,611,2025-07-20 08:30:00,0,0.62,0.0
problem1_coordinated,612,2025-07-20 08:45:00,0,0.62,0.0
problem1_coordinated,613,2025-07-20 09:00:00,0,0.62,0.0
problem1_coordinated,614,2025-07-20 09:15:00,0,0.62,0.0
problem1_coordinated,615,2025-07-20 09:30:00,0,0.62,0.0
problem1_coordinated,616,2025-07-20 09:45:00,0,0.62,0.0
problem1_coordinated,617,2025-07-20 10:00:00,0,0.62,0.0
problem1_coordinated,618,2025-07-20 10:15:00,0,0.62,0.0
problem1_coordinated,619,2025-07-20 10:30:00,0,0.62,0.0
problem1_coordinated,620,2025-07-20 10:45:00,0,0.62,0.0
problem1_coordinated,621,2025-07-20 11:00:00,0,0.62,0.0
problem1_coordinated,622,2025-07-20 11:15:00,0,0.62,0.0
problem1_coordinated,623,2025-07-20 11:30:00,0,0.62,0.0
problem1_coordinated,624,2025-07-20 11:45:00,0,0.62,0.0
problem1_coordinated,625,2025-07-20 12:00:00,0,0.62,0.0
problem1_coordinated,626,2025-07-20 12:15:00,0,0.62,0.0
problem1_coordinated,627,2025-07-20 12:30:00,0,0.62,0.0
problem1_coordinated,628,2025-07-20 12:45:00,0,0.62,0.0
problem1_coordinated,629,2025-07-20 13:00:00,0,0.62,0.0
problem1_coordinated,630,2025-07-20 13:15:00,0,0.62,0.0
problem1_coordinated,631,2025-07-20 13:30:00,0,0.62,0.0
problem1_coordinated,632,2025-07-20 13:45:00,0,0.62,0.0
problem1_coordinated,633,2025-07-20 14:00:00,0,0.62,0.0
problem1_coordinated,634,2025-07-20 14:15:00,0,0.62,0.0
problem1_coordinated,635,2025-07-20 14:30:00,0,0.62,0.0
problem1_coordinated,636,2025-07-20 14:45:00,0,0.62,0.0
problem1_coordinated,637,2025-07-20 15:00:00,0,0.62,0.0
problem1_coordinated,638,2025-07-20 15:15:00,0,0.62,0.0
problem1_coordinated,639,2025-07-20 15:30:00,0,0.62,0.0
problem1_coordinated,640,2025-07-20 15:45:00,0,0.62,0.0
problem1_coordinated,641,2025-07-20 16:00:00,0,0.62,0.0
problem1_coordinated,642,2025-07-20 16:15:00,0,0.62,0.0
problem1_coordinated,643,2025-07-20 16:30:00,0,0.62,0.0
problem1_coordinated,644,2025-07-20 16:45:00,0,0.62,0.0
problem1_coordinated,645,2025-07-20 17:00:00,0,0.62,0.0
problem1_coordinated,646,2025-07-20 17:15:00,0,0.62,0.0
problem1_coordinated,647,2025-07-20 17:30:00,0,0.62,0.0
problem1_coordinated,648,2025-07-20 17:45:00,0,0.62,0.0
problem1_coordinated,649,2025-07-20 18:00:00,1,0.78,300.0
problem1_coordinated,650,2025-07-20 18:15:00,1,0.78,300.0
problem1_coordinated,651,2025-07-20 18:30:00,1,0.78,300.0
problem1_coordinated,652,2025-07-20 18:45:00,1,0.78,300.0
problem1_coordinated,653,2025-07-20 19:00:00,1,0.78,300.0
problem1_coordinated,654,2025-07-20 19:15:00,1,0.78,300.0
problem1_coordinated,655,2025-07-20 19:30:00,1,0.78,300.0
problem1_coordinated,656,2025-07-20 19:45:00,1,0.78,300.0
problem1_coordinated,657,2025-07-20 20:00:00,1,0.78,300.0
problem1_coordinated,658,2025-07-20 20:15:00,1,0.78,300.0
problem1_coordinated,659,2025-07-20 20:30:00,1,0.78,300.0
problem1_coordinated,660,2025-07-20 20:45:00,1,0.78,300.0
problem1_coordinated,661,2025-07-20 21:00:00,0,0.55,0.0
problem1_coordinated,662,2025-07-20 21:15:00,0,0.55,0.0
problem1_coordinated,663,2025-07-20 21:30:00,0,0.55,0.0
problem1_coordinated,664,2025-07-20 21:45:00,0,0.55,0.0
problem1_coordinated,665,2025-07-20 22:00:00,0,0.55,0.0
problem1_coordinated,666,2025-07-20 22:15:00,0,0.55,-300.0
problem1_coordinated,667,2025-07-20 22:30:00,0,0.55,-300.0
problem1_coordinated,668,2025-07-20 22:45:00,0,0.55,-300.0
problem1_coordinated,669,2025-07-20 23:00:00,0,0.55,-300.0
problem1_coordinated,670,2025-07-20 23:15:00,0,0.55,-300.0
problem1_coordinated,671,2025-07-20 23:30:00,0,0.55,-300.0
problem1_coordinated,672,2025-07-20 23:45:00,0,0.55,-167.86704
baseline_noncooperative,1,2025-07-14 00:00:00,0,0.42,0.0
baseline_noncooperative,2,2025-07-14 00:15:00,0,0.42,0.0
baseline_noncooperative,3,2025-07-14 00:30:00,0,0.42,0.0
baseline_noncooperative,4,2025-07-14 00:45:00,0,0.42,0.0
baseline_noncooperative,5,2025-07-14 01:00:00,0,0.42,0.0
baseline_noncooperative,6,2025-07-14 01:15:00,0,0.42,0.0
baseline_noncooperative,7,2025-07-14 01:30:00,0,0.42,0.0
baseline_noncooperative,8,2025-07-14 01:45:00,0,0.42,0.0
baseline_noncooperative,9,2025-07-14 02:00:00,0,0.42,0.0
baseline_noncooperative,10,2025-07-14 02:15:00,0,0.42,0.0
baseline_noncooperative,11,2025-07-14 02:30:00,0,0.42,0.0
baseline_noncooperative,12,2025-07-14 02:45:00,0,0.42,0.0
baseline_noncooperative,13,2025-07-14 03:00:00,0,0.42,0.0
baseline_noncooperative,14,2025-07-14 03:15:00,0,0.42,0.0
baseline_noncooperative,15,2025-07-14 03:30:00,0,0.42,0.0
baseline_noncooperative,16,2025-07-14 03:45:00,0,0.42,0.0
baseline_noncooperative,17,2025-07-14 04:00:00,0,0.42,0.0
baseline_noncooperative,18,2025-07-14 04:15:00,0,0.42,0.0
baseline_noncooperative,19,2025-07-14 04:30:00,0,0.42,0.0
baseline_noncooperative,20,2025-07-14 04:45:00,0,0.42,0.0
baseline_noncooperative,21,2025-07-14 05:00:00,0,0.42,0.0
baseline_noncooperative,22,2025-07-14 05:15:00,0,0.42,0.0
baseline_noncooperative,23,2025-07-14 05:30:00,0,0.42,0.0
baseline_noncooperative,24,2025-07-14 05:45:00,0,0.42,0.0
baseline_noncooperative,25,2025-07-14 06:00:00,0,0.42,0.0
baseline_noncooperative,26,2025-07-14 06:15:00,0,0.42,0.0
baseline_noncooperative,27,2025-07-14 06:30:00,0,0.42,0.0
baseline_noncooperative,28,2025-07-14 06:45:00,0,0.42,0.0
baseline_noncooperative,29,2025-07-14 07:00:00,0,0.75,0.0
baseline_noncooperative,30,2025-07-14 07:15:00,0,0.75,0.0
baseline_noncooperative,31,2025-07-14 07:30:00,0,0.75,0.0
baseline_noncooperative,32,2025-07-14 07:45:00,0,0.75,0.0
baseline_noncooperative,33,2025-07-14 08:00:00,0,0.75,0.0
baseline_noncooperative,34,2025-07-14 08:15:00,0,0.75,0.0
baseline_noncooperative,35,2025-07-14 08:30:00,0,0.75,0.0
baseline_noncooperative,36,2025-07-14 08:45:00,0,0.75,0.0
baseline_noncooperative,37,2025-07-14 09:00:00,0,0.75,0.0
baseline_noncooperative,38,2025-07-14 09:15:00,0,0.75,0.0
baseline_noncooperative,39,2025-07-14 09:30:00,0,0.75,0.0
baseline_noncooperative,40,2025-07-14 09:45:00,0,0.75,0.0
baseline_noncooperative,41,2025-07-14 10:00:00,0,0.75,0.0
baseline_noncooperative,42,2025-07-14 10:15:00,0,0.75,0.0
baseline_noncooperative,43,2025-07-14 10:30:00,0,0.75,0.0
baseline_noncooperative,44,2025-07-14 10:45:00,0,0.75,0.0
baseline_noncooperative,45,2025-07-14 11:00:00,0,0.68,0.0
baseline_noncooperative,46,2025-07-14 11:15:00,0,0.68,0.0
baseline_noncooperative,47,2025-07-14 11:30:00,0,0.68,0.0
baseline_noncooperative,48,2025-07-14 11:45:00,0,0.68,0.0
baseline_noncooperative,49,2025-07-14 12:00:00,0,0.68,0.0
baseline_noncooperative,50,2025-07-14 12:15:00,0,0.68,0.0
baseline_noncooperative,51,2025-07-14 12:30:00,0,0.68,0.0
baseline_noncooperative,52,2025-07-14 12:45:00,0,0.68,0.0
baseline_noncooperative,53,2025-07-14 13:00:00,0,0.68,0.0
baseline_noncooperative,54,2025-07-14 13:15:00,0,0.68,0.0
baseline_noncooperative,55,2025-07-14 13:30:00,0,0.68,0.0
baseline_noncooperative,56,2025-07-14 13:45:00,0,0.68,0.0
baseline_noncooperative,57,2025-07-14 14:00:00,0,0.68,0.0
baseline_noncooperative,58,2025-07-14 14:15:00,0,0.68,0.0
baseline_noncooperative,59,2025-07-14 14:30:00,0,0.68,0.0
baseline_noncooperative,60,2025-07-14 14:45:00,0,0.68,0.0
baseline_noncooperative,61,2025-07-14 15:00:00,1,0.82,300.0
baseline_noncooperative,62,2025-07-14 15:15:00,1,0.82,300.0
baseline_noncooperative,63,2025-07-14 15:30:00,1,0.82,300.0
baseline_noncooperative,64,2025-07-14 15:45:00,1,0.82,300.0
baseline_noncooperative,65,2025-07-14 16:00:00,1,0.82,300.0
baseline_noncooperative,66,2025-07-14 16:15:00,1,0.82,300.0
baseline_noncooperative,67,2025-07-14 16:30:00,1,0.82,24.000000000000465
baseline_noncooperative,68,2025-07-14 16:45:00,1,0.82,0.0
baseline_noncooperative,69,2025-07-14 17:00:00,1,1.28,0.0
baseline_noncooperative,70,2025-07-14 17:15:00,1,1.28,0.0
baseline_noncooperative,71,2025-07-14 17:30:00,1,1.28,0.0
baseline_noncooperative,72,2025-07-14 17:45:00,1,1.28,0.0
baseline_noncooperative,73,2025-07-14 18:00:00,1,1.28,0.0
baseline_noncooperative,74,2025-07-14 18:15:00,1,1.28,0.0
baseline_noncooperative,75,2025-07-14 18:30:00,1,1.28,0.0
baseline_noncooperative,76,2025-07-14 18:45:00,1,1.28,0.0
baseline_noncooperative,77,2025-07-14 19:00:00,1,1.28,0.0
baseline_noncooperative,78,2025-07-14 19:15:00,1,1.28,0.0
baseline_noncooperative,79,2025-07-14 19:30:00,1,1.28,0.0
baseline_noncooperative,80,2025-07-14 19:45:00,1,1.28,0.0
baseline_noncooperative,81,2025-07-14 20:00:00,1,1.28,0.0
baseline_noncooperative,82,2025-07-14 20:15:00,1,1.28,0.0
baseline_noncooperative,83,2025-07-14 20:30:00,1,1.28,0.0
baseline_noncooperative,84,2025-07-14 20:45:00,1,1.28,0.0
baseline_noncooperative,85,2025-07-14 21:00:00,0,0.72,0.0
baseline_noncooperative,86,2025-07-14 21:15:00,0,0.72,0.0
baseline_noncooperative,87,2025-07-14 21:30:00,0,0.72,0.0
baseline_noncooperative,88,2025-07-14 21:45:00,0,0.72,0.0
baseline_noncooperative,89,2025-07-14 22:00:00,0,0.72,0.0
baseline_noncooperative,90,2025-07-14 22:15:00,0,0.72,0.0
baseline_noncooperative,91,2025-07-14 22:30:00,0,0.72,0.0
baseline_noncooperative,92,2025-07-14 22:45:00,0,0.72,0.0
baseline_noncooperative,93,2025-07-14 23:00:00,0,0.72,0.0
baseline_noncooperative,94,2025-07-14 23:15:00,0,0.72,0.0
baseline_noncooperative,95,2025-07-14 23:30:00,0,0.72,0.0
baseline_noncooperative,96,2025-07-14 23:45:00,0,0.72,0.0
baseline_noncooperative,97,2025-07-15 00:00:00,0,0.42,0.0
baseline_noncooperative,98,2025-07-15 00:15:00,0,0.42,0.0
baseline_noncooperative,99,2025-07-15 00:30:00,0,0.42,0.0
baseline_noncooperative,100,2025-07-15 00:45:00,0,0.42,0.0
baseline_noncooperative,101,2025-07-15 01:00:00,0,0.42,0.0
baseline_noncooperative,102,2025-07-15 01:15:00,0,0.42,0.0
baseline_noncooperative,103,2025-07-15 01:30:00,0,0.42,0.0
baseline_noncooperative,104,2025-07-15 01:45:00,0,0.42,0.0
baseline_noncooperative,105,2025-07-15 02:00:00,0,0.42,0.0
baseline_noncooperative,106,2025-07-15 02:15:00,0,0.42,0.0
baseline_noncooperative,107,2025-07-15 02:30:00,0,0.42,0.0
baseline_noncooperative,108,2025-07-15 02:45:00,0,0.42,0.0
baseline_noncooperative,109,2025-07-15 03:00:00,0,0.42,0.0
baseline_noncooperative,110,2025-07-15 03:15:00,0,0.42,0.0
baseline_noncooperative,111,2025-07-15 03:30:00,0,0.42,0.0
baseline_noncooperative,112,2025-07-15 03:45:00,0,0.42,0.0
baseline_noncooperative,113,2025-07-15 04:00:00,0,0.42,0.0
baseline_noncooperative,114,2025-07-15 04:15:00,0,0.42,0.0
baseline_noncooperative,115,2025-07-15 04:30:00,0,0.42,0.0
baseline_noncooperative,116,2025-07-15 04:45:00,0,0.42,0.0
baseline_noncooperative,117,2025-07-15 05:00:00,0,0.42,0.0
baseline_noncooperative,118,2025-07-15 05:15:00,0,0.42,0.0
baseline_noncooperative,119,2025-07-15 05:30:00,0,0.42,0.0
baseline_noncooperative,120,2025-07-15 05:45:00,0,0.42,0.0
baseline_noncooperative,121,2025-07-15 06:00:00,0,0.42,0.0
baseline_noncooperative,122,2025-07-15 06:15:00,0,0.42,0.0
baseline_noncooperative,123,2025-07-15 06:30:00,0,0.42,0.0
baseline_noncooperative,124,2025-07-15 06:45:00,0,0.42,0.0
baseline_noncooperative,125,2025-07-15 07:00:00,0,0.75,0.0
baseline_noncooperative,126,2025-07-15 07:15:00,0,0.75,0.0
baseline_noncooperative,127,2025-07-15 07:30:00,0,0.75,0.0
baseline_noncooperative,128,2025-07-15 07:45:00,0,0.75,0.0
baseline_noncooperative,129,2025-07-15 08:00:00,0,0.75,0.0
baseline_noncooperative,130,2025-07-15 08:15:00,0,0.75,0.0
baseline_noncooperative,131,2025-07-15 08:30:00,0,0.75,0.0
baseline_noncooperative,132,2025-07-15 08:45:00,0,0.75,0.0
baseline_noncooperative,133,2025-07-15 09:00:00,0,0.75,0.0
baseline_noncooperative,134,2025-07-15 09:15:00,0,0.75,0.0
baseline_noncooperative,135,2025-07-15 09:30:00,0,0.75,0.0
baseline_noncooperative,136,2025-07-15 09:45:00,0,0.75,0.0
baseline_noncooperative,137,2025-07-15 10:00:00,0,0.75,0.0
baseline_noncooperative,138,2025-07-15 10:15:00,0,0.75,0.0
baseline_noncooperative,139,2025-07-15 10:30:00,0,0.75,0.0
baseline_noncooperative,140,2025-07-15 10:45:00,0,0.75,0.0
baseline_noncooperative,141,2025-07-15 11:00:00,0,0.68,0.0
baseline_noncooperative,142,2025-07-15 11:15:00,0,0.68,0.0
baseline_noncooperative,143,2025-07-15 11:30:00,0,0.68,0.0
baseline_noncooperative,144,2025-07-15 11:45:00,0,0.68,0.0
baseline_noncooperative,145,2025-07-15 12:00:00,0,0.68,0.0
baseline_noncooperative,146,2025-07-15 12:15:00,0,0.68,0.0
baseline_noncooperative,147,2025-07-15 12:30:00,0,0.68,0.0
baseline_noncooperative,148,2025-07-15 12:45:00,0,0.68,0.0
baseline_noncooperative,149,2025-07-15 13:00:00,0,0.68,0.0
baseline_noncooperative,150,2025-07-15 13:15:00,0,0.68,0.0
baseline_noncooperative,151,2025-07-15 13:30:00,0,0.68,0.0
baseline_noncooperative,152,2025-07-15 13:45:00,0,0.68,0.0
baseline_noncooperative,153,2025-07-15 14:00:00,0,0.68,0.0
baseline_noncooperative,154,2025-07-15 14:15:00,0,0.68,0.0
baseline_noncooperative,155,2025-07-15 14:30:00,0,0.68,0.0
baseline_noncooperative,156,2025-07-15 14:45:00,0,0.68,0.0
baseline_noncooperative,157,2025-07-15 15:00:00,1,0.82,0.0
baseline_noncooperative,158,2025-07-15 15:15:00,1,0.82,0.0
baseline_noncooperative,159,2025-07-15 15:30:00,1,0.82,0.0
baseline_noncooperative,160,2025-07-15 15:45:00,1,0.82,0.0
baseline_noncooperative,161,2025-07-15 16:00:00,1,0.82,0.0
baseline_noncooperative,162,2025-07-15 16:15:00,1,0.82,0.0
baseline_noncooperative,163,2025-07-15 16:30:00,1,0.82,0.0
baseline_noncooperative,164,2025-07-15 16:45:00,1,0.82,0.0
baseline_noncooperative,165,2025-07-15 17:00:00,1,1.28,0.0
baseline_noncooperative,166,2025-07-15 17:15:00,1,1.28,0.0
baseline_noncooperative,167,2025-07-15 17:30:00,1,1.28,0.0
baseline_noncooperative,168,2025-07-15 17:45:00,1,1.28,0.0
baseline_noncooperative,169,2025-07-15 18:00:00,1,1.28,0.0
baseline_noncooperative,170,2025-07-15 18:15:00,1,1.28,0.0
baseline_noncooperative,171,2025-07-15 18:30:00,1,1.28,0.0
baseline_noncooperative,172,2025-07-15 18:45:00,1,1.28,0.0
baseline_noncooperative,173,2025-07-15 19:00:00,1,1.28,0.0
baseline_noncooperative,174,2025-07-15 19:15:00,1,1.28,0.0
baseline_noncooperative,175,2025-07-15 19:30:00,1,1.28,0.0
baseline_noncooperative,176,2025-07-15 19:45:00,1,1.28,0.0
baseline_noncooperative,177,2025-07-15 20:00:00,1,1.28,0.0
baseline_noncooperative,178,2025-07-15 20:15:00,1,1.28,0.0
baseline_noncooperative,179,2025-07-15 20:30:00,1,1.28,0.0
baseline_noncooperative,180,2025-07-15 20:45:00,1,1.28,0.0
baseline_noncooperative,181,2025-07-15 21:00:00,0,0.72,0.0
baseline_noncooperative,182,2025-07-15 21:15:00,0,0.72,0.0
baseline_noncooperative,183,2025-07-15 21:30:00,0,0.72,0.0
baseline_noncooperative,184,2025-07-15 21:45:00,0,0.72,0.0
baseline_noncooperative,185,2025-07-15 22:00:00,0,0.72,0.0
baseline_noncooperative,186,2025-07-15 22:15:00,0,0.72,0.0
baseline_noncooperative,187,2025-07-15 22:30:00,0,0.72,0.0
baseline_noncooperative,188,2025-07-15 22:45:00,0,0.72,0.0
baseline_noncooperative,189,2025-07-15 23:00:00,0,0.72,0.0
baseline_noncooperative,190,2025-07-15 23:15:00,0,0.72,0.0
baseline_noncooperative,191,2025-07-15 23:30:00,0,0.72,0.0
baseline_noncooperative,192,2025-07-15 23:45:00,0,0.72,0.0
baseline_noncooperative,193,2025-07-16 00:00:00,0,0.42,0.0
baseline_noncooperative,194,2025-07-16 00:15:00,0,0.42,0.0
baseline_noncooperative,195,2025-07-16 00:30:00,0,0.42,0.0
baseline_noncooperative,196,2025-07-16 00:45:00,0,0.42,0.0
baseline_noncooperative,197,2025-07-16 01:00:00,0,0.42,0.0
baseline_noncooperative,198,2025-07-16 01:15:00,0,0.42,0.0
baseline_noncooperative,199,2025-07-16 01:30:00,0,0.42,0.0
baseline_noncooperative,200,2025-07-16 01:45:00,0,0.42,0.0
baseline_noncooperative,201,2025-07-16 02:00:00,0,0.42,0.0
baseline_noncooperative,202,2025-07-16 02:15:00,0,0.42,0.0
baseline_noncooperative,203,2025-07-16 02:30:00,0,0.42,0.0
baseline_noncooperative,204,2025-07-16 02:45:00,0,0.42,0.0
baseline_noncooperative,205,2025-07-16 03:00:00,0,0.42,0.0
baseline_noncooperative,206,2025-07-16 03:15:00,0,0.42,0.0
baseline_noncooperative,207,2025-07-16 03:30:00,0,0.42,0.0
baseline_noncooperative,208,2025-07-16 03:45:00,0,0.42,0.0
baseline_noncooperative,209,2025-07-16 04:00:00,0,0.42,0.0
baseline_noncooperative,210,2025-07-16 04:15:00,0,0.42,0.0
baseline_noncooperative,211,2025-07-16 04:30:00,0,0.42,0.0
baseline_noncooperative,212,2025-07-16 04:45:00,0,0.42,0.0
baseline_noncooperative,213,2025-07-16 05:00:00,0,0.42,0.0
baseline_noncooperative,214,2025-07-16 05:15:00,0,0.42,0.0
baseline_noncooperative,215,2025-07-16 05:30:00,0,0.42,0.0
baseline_noncooperative,216,2025-07-16 05:45:00,0,0.42,0.0
baseline_noncooperative,217,2025-07-16 06:00:00,0,0.42,0.0
baseline_noncooperative,218,2025-07-16 06:15:00,0,0.42,0.0
baseline_noncooperative,219,2025-07-16 06:30:00,0,0.42,0.0
baseline_noncooperative,220,2025-07-16 06:45:00,0,0.42,0.0
baseline_noncooperative,221,2025-07-16 07:00:00,0,0.75,0.0
baseline_noncooperative,222,2025-07-16 07:15:00,0,0.75,0.0
baseline_noncooperative,223,2025-07-16 07:30:00,0,0.75,0.0
baseline_noncooperative,224,2025-07-16 07:45:00,0,0.75,0.0
baseline_noncooperative,225,2025-07-16 08:00:00,0,0.75,0.0
baseline_noncooperative,226,2025-07-16 08:15:00,0,0.75,0.0
baseline_noncooperative,227,2025-07-16 08:30:00,0,0.75,0.0
baseline_noncooperative,228,2025-07-16 08:45:00,0,0.75,0.0
baseline_noncooperative,229,2025-07-16 09:00:00,0,0.75,0.0
baseline_noncooperative,230,2025-07-16 09:15:00,0,0.75,0.0
baseline_noncooperative,231,2025-07-16 09:30:00,0,0.75,0.0
baseline_noncooperative,232,2025-07-16 09:45:00,0,0.75,0.0
baseline_noncooperative,233,2025-07-16 10:00:00,0,0.75,0.0
baseline_noncooperative,234,2025-07-16 10:15:00,0,0.75,0.0
baseline_noncooperative,235,2025-07-16 10:30:00,0,0.75,0.0
baseline_noncooperative,236,2025-07-16 10:45:00,0,0.75,0.0
baseline_noncooperative,237,2025-07-16 11:00:00,0,0.68,0.0
baseline_noncooperative,238,2025-07-16 11:15:00,0,0.68,0.0
baseline_noncooperative,239,2025-07-16 11:30:00,0,0.68,0.0
baseline_noncooperative,240,2025-07-16 11:45:00,0,0.68,0.0
baseline_noncooperative,241,2025-07-16 12:00:00,0,0.68,0.0
baseline_noncooperative,242,2025-07-16 12:15:00,0,0.68,0.0
baseline_noncooperative,243,2025-07-16 12:30:00,0,0.68,0.0
baseline_noncooperative,244,2025-07-16 12:45:00,0,0.68,0.0
baseline_noncooperative,245,2025-07-16 13:00:00,0,0.68,0.0
baseline_noncooperative,246,2025-07-16 13:15:00,0,0.68,0.0
baseline_noncooperative,247,2025-07-16 13:30:00,0,0.68,0.0
baseline_noncooperative,248,2025-07-16 13:45:00,0,0.68,0.0
baseline_noncooperative,249,2025-07-16 14:00:00,0,0.68,0.0
baseline_noncooperative,250,2025-07-16 14:15:00,0,0.68,0.0
baseline_noncooperative,251,2025-07-16 14:30:00,0,0.68,0.0
baseline_noncooperative,252,2025-07-16 14:45:00,0,0.68,0.0
baseline_noncooperative,253,2025-07-16 15:00:00,1,0.82,0.0
baseline_noncooperative,254,2025-07-16 15:15:00,1,0.82,0.0
baseline_noncooperative,255,2025-07-16 15:30:00,1,0.82,0.0
baseline_noncooperative,256,2025-07-16 15:45:00,1,0.82,0.0
baseline_noncooperative,257,2025-07-16 16:00:00,1,0.82,0.0
baseline_noncooperative,258,2025-07-16 16:15:00,1,0.82,0.0
baseline_noncooperative,259,2025-07-16 16:30:00,1,0.82,0.0
baseline_noncooperative,260,2025-07-16 16:45:00,1,0.82,0.0
baseline_noncooperative,261,2025-07-16 17:00:00,1,1.28,0.0
baseline_noncooperative,262,2025-07-16 17:15:00,1,1.28,0.0
baseline_noncooperative,263,2025-07-16 17:30:00,1,1.28,0.0
baseline_noncooperative,264,2025-07-16 17:45:00,1,1.28,0.0
baseline_noncooperative,265,2025-07-16 18:00:00,1,1.28,0.0
baseline_noncooperative,266,2025-07-16 18:15:00,1,1.28,0.0
baseline_noncooperative,267,2025-07-16 18:30:00,1,1.28,0.0
baseline_noncooperative,268,2025-07-16 18:45:00,1,1.28,0.0
baseline_noncooperative,269,2025-07-16 19:00:00,1,1.28,0.0
baseline_noncooperative,270,2025-07-16 19:15:00,1,1.28,0.0
baseline_noncooperative,271,2025-07-16 19:30:00,1,1.28,0.0
baseline_noncooperative,272,2025-07-16 19:45:00,1,1.28,0.0
baseline_noncooperative,273,2025-07-16 20:00:00,1,1.28,0.0
baseline_noncooperative,274,2025-07-16 20:15:00,1,1.28,0.0
baseline_noncooperative,275,2025-07-16 20:30:00,1,1.28,0.0
baseline_noncooperative,276,2025-07-16 20:45:00,1,1.28,0.0
baseline_noncooperative,277,2025-07-16 21:00:00,0,0.72,0.0
baseline_noncooperative,278,2025-07-16 21:15:00,0,0.72,0.0
baseline_noncooperative,279,2025-07-16 21:30:00,0,0.72,0.0
baseline_noncooperative,280,2025-07-16 21:45:00,0,0.72,0.0
baseline_noncooperative,281,2025-07-16 22:00:00,0,0.72,0.0
baseline_noncooperative,282,2025-07-16 22:15:00,0,0.72,0.0
baseline_noncooperative,283,2025-07-16 22:30:00,0,0.72,0.0
baseline_noncooperative,284,2025-07-16 22:45:00,0,0.72,0.0
baseline_noncooperative,285,2025-07-16 23:00:00,0,0.72,0.0
baseline_noncooperative,286,2025-07-16 23:15:00,0,0.72,0.0
baseline_noncooperative,287,2025-07-16 23:30:00,0,0.72,0.0
baseline_noncooperative,288,2025-07-16 23:45:00,0,0.72,0.0
baseline_noncooperative,289,2025-07-17 00:00:00,0,0.42,0.0
baseline_noncooperative,290,2025-07-17 00:15:00,0,0.42,0.0
baseline_noncooperative,291,2025-07-17 00:30:00,0,0.42,0.0
baseline_noncooperative,292,2025-07-17 00:45:00,0,0.42,0.0
baseline_noncooperative,293,2025-07-17 01:00:00,0,0.42,0.0
baseline_noncooperative,294,2025-07-17 01:15:00,0,0.42,0.0
baseline_noncooperative,295,2025-07-17 01:30:00,0,0.42,0.0
baseline_noncooperative,296,2025-07-17 01:45:00,0,0.42,0.0
baseline_noncooperative,297,2025-07-17 02:00:00,0,0.42,0.0
baseline_noncooperative,298,2025-07-17 02:15:00,0,0.42,0.0
baseline_noncooperative,299,2025-07-17 02:30:00,0,0.42,0.0
baseline_noncooperative,300,2025-07-17 02:45:00,0,0.42,0.0
baseline_noncooperative,301,2025-07-17 03:00:00,0,0.42,0.0
baseline_noncooperative,302,2025-07-17 03:15:00,0,0.42,0.0
baseline_noncooperative,303,2025-07-17 03:30:00,0,0.42,0.0
baseline_noncooperative,304,2025-07-17 03:45:00,0,0.42,0.0
baseline_noncooperative,305,2025-07-17 04:00:00,0,0.42,0.0
baseline_noncooperative,306,2025-07-17 04:15:00,0,0.42,0.0
baseline_noncooperative,307,2025-07-17 04:30:00,0,0.42,0.0
baseline_noncooperative,308,2025-07-17 04:45:00,0,0.42,0.0
baseline_noncooperative,309,2025-07-17 05:00:00,0,0.42,0.0
baseline_noncooperative,310,2025-07-17 05:15:00,0,0.42,0.0
baseline_noncooperative,311,2025-07-17 05:30:00,0,0.42,0.0
baseline_noncooperative,312,2025-07-17 05:45:00,0,0.42,0.0
baseline_noncooperative,313,2025-07-17 06:00:00,0,0.42,0.0
baseline_noncooperative,314,2025-07-17 06:15:00,0,0.42,0.0
baseline_noncooperative,315,2025-07-17 06:30:00,0,0.42,0.0
baseline_noncooperative,316,2025-07-17 06:45:00,0,0.42,0.0
baseline_noncooperative,317,2025-07-17 07:00:00,0,0.75,0.0
baseline_noncooperative,318,2025-07-17 07:15:00,0,0.75,0.0
baseline_noncooperative,319,2025-07-17 07:30:00,0,0.75,0.0
baseline_noncooperative,320,2025-07-17 07:45:00,0,0.75,0.0
baseline_noncooperative,321,2025-07-17 08:00:00,0,0.75,0.0
baseline_noncooperative,322,2025-07-17 08:15:00,0,0.75,0.0
baseline_noncooperative,323,2025-07-17 08:30:00,0,0.75,0.0
baseline_noncooperative,324,2025-07-17 08:45:00,0,0.75,0.0
baseline_noncooperative,325,2025-07-17 09:00:00,0,0.75,0.0
baseline_noncooperative,326,2025-07-17 09:15:00,0,0.75,0.0
baseline_noncooperative,327,2025-07-17 09:30:00,0,0.75,0.0
baseline_noncooperative,328,2025-07-17 09:45:00,0,0.75,0.0
baseline_noncooperative,329,2025-07-17 10:00:00,0,0.75,0.0
baseline_noncooperative,330,2025-07-17 10:15:00,0,0.75,0.0
baseline_noncooperative,331,2025-07-17 10:30:00,0,0.75,0.0
baseline_noncooperative,332,2025-07-17 10:45:00,0,0.75,0.0
baseline_noncooperative,333,2025-07-17 11:00:00,0,0.68,0.0
baseline_noncooperative,334,2025-07-17 11:15:00,0,0.68,0.0
baseline_noncooperative,335,2025-07-17 11:30:00,0,0.68,0.0
baseline_noncooperative,336,2025-07-17 11:45:00,0,0.68,0.0
baseline_noncooperative,337,2025-07-17 12:00:00,0,0.68,0.0
baseline_noncooperative,338,2025-07-17 12:15:00,0,0.68,0.0
baseline_noncooperative,339,2025-07-17 12:30:00,0,0.68,0.0
baseline_noncooperative,340,2025-07-17 12:45:00,0,0.68,0.0
baseline_noncooperative,341,2025-07-17 13:00:00,0,0.68,0.0
baseline_noncooperative,342,2025-07-17 13:15:00,0,0.68,0.0
baseline_noncooperative,343,2025-07-17 13:30:00,0,0.68,0.0
baseline_noncooperative,344,2025-07-17 13:45:00,0,0.68,0.0
baseline_noncooperative,345,2025-07-17 14:00:00,0,0.68,0.0
baseline_noncooperative,346,2025-07-17 14:15:00,0,0.68,0.0
baseline_noncooperative,347,2025-07-17 14:30:00,0,0.68,0.0
baseline_noncooperative,348,2025-07-17 14:45:00,0,0.68,0.0
baseline_noncooperative,349,2025-07-17 15:00:00,1,0.82,0.0
baseline_noncooperative,350,2025-07-17 15:15:00,1,0.82,0.0
baseline_noncooperative,351,2025-07-17 15:30:00,1,0.82,0.0
baseline_noncooperative,352,2025-07-17 15:45:00,1,0.82,0.0
baseline_noncooperative,353,2025-07-17 16:00:00,1,0.82,0.0
baseline_noncooperative,354,2025-07-17 16:15:00,1,0.82,0.0
baseline_noncooperative,355,2025-07-17 16:30:00,1,0.82,0.0
baseline_noncooperative,356,2025-07-17 16:45:00,1,0.82,0.0
baseline_noncooperative,357,2025-07-17 17:00:00,1,1.28,0.0
baseline_noncooperative,358,2025-07-17 17:15:00,1,1.28,0.0
baseline_noncooperative,359,2025-07-17 17:30:00,1,1.28,0.0
baseline_noncooperative,360,2025-07-17 17:45:00,1,1.28,0.0
baseline_noncooperative,361,2025-07-17 18:00:00,1,1.28,0.0
baseline_noncooperative,362,2025-07-17 18:15:00,1,1.28,0.0
baseline_noncooperative,363,2025-07-17 18:30:00,1,1.28,0.0
baseline_noncooperative,364,2025-07-17 18:45:00,1,1.28,0.0
baseline_noncooperative,365,2025-07-17 19:00:00,1,1.28,0.0
baseline_noncooperative,366,2025-07-17 19:15:00,1,1.28,0.0
baseline_noncooperative,367,2025-07-17 19:30:00,1,1.28,0.0
baseline_noncooperative,368,2025-07-17 19:45:00,1,1.28,0.0
baseline_noncooperative,369,2025-07-17 20:00:00,1,1.28,0.0
baseline_noncooperative,370,2025-07-17 20:15:00,1,1.28,0.0
baseline_noncooperative,371,2025-07-17 20:30:00,1,1.28,0.0
baseline_noncooperative,372,2025-07-17 20:45:00,1,1.28,0.0
baseline_noncooperative,373,2025-07-17 21:00:00,0,0.72,0.0
baseline_noncooperative,374,2025-07-17 21:15:00,0,0.72,0.0
baseline_noncooperative,375,2025-07-17 21:30:00,0,0.72,0.0
baseline_noncooperative,376,2025-07-17 21:45:00,0,0.72,0.0
baseline_noncooperative,377,2025-07-17 22:00:00,0,0.72,0.0
baseline_noncooperative,378,2025-07-17 22:15:00,0,0.72,0.0
baseline_noncooperative,379,2025-07-17 22:30:00,0,0.72,0.0
baseline_noncooperative,380,2025-07-17 22:45:00,0,0.72,0.0
baseline_noncooperative,381,2025-07-17 23:00:00,0,0.72,0.0
baseline_noncooperative,382,2025-07-17 23:15:00,0,0.72,0.0
baseline_noncooperative,383,2025-07-17 23:30:00,0,0.72,0.0
baseline_noncooperative,384,2025-07-17 23:45:00,0,0.72,0.0
baseline_noncooperative,385,2025-07-18 00:00:00,0,0.42,0.0
baseline_noncooperative,386,2025-07-18 00:15:00,0,0.42,0.0
baseline_noncooperative,387,2025-07-18 00:30:00,0,0.42,0.0
baseline_noncooperative,388,2025-07-18 00:45:00,0,0.42,0.0
baseline_noncooperative,389,2025-07-18 01:00:00,0,0.42,0.0
baseline_noncooperative,390,2025-07-18 01:15:00,0,0.42,0.0
baseline_noncooperative,391,2025-07-18 01:30:00,0,0.42,0.0
baseline_noncooperative,392,2025-07-18 01:45:00,0,0.42,0.0
baseline_noncooperative,393,2025-07-18 02:00:00,0,0.42,0.0
baseline_noncooperative,394,2025-07-18 02:15:00,0,0.42,0.0
baseline_noncooperative,395,2025-07-18 02:30:00,0,0.42,0.0
baseline_noncooperative,396,2025-07-18 02:45:00,0,0.42,0.0
baseline_noncooperative,397,2025-07-18 03:00:00,0,0.42,0.0
baseline_noncooperative,398,2025-07-18 03:15:00,0,0.42,0.0
baseline_noncooperative,399,2025-07-18 03:30:00,0,0.42,0.0
baseline_noncooperative,400,2025-07-18 03:45:00,0,0.42,0.0
baseline_noncooperative,401,2025-07-18 04:00:00,0,0.42,0.0
baseline_noncooperative,402,2025-07-18 04:15:00,0,0.42,0.0
baseline_noncooperative,403,2025-07-18 04:30:00,0,0.42,0.0
baseline_noncooperative,404,2025-07-18 04:45:00,0,0.42,0.0
baseline_noncooperative,405,2025-07-18 05:00:00,0,0.42,0.0
baseline_noncooperative,406,2025-07-18 05:15:00,0,0.42,0.0
baseline_noncooperative,407,2025-07-18 05:30:00,0,0.42,0.0
baseline_noncooperative,408,2025-07-18 05:45:00,0,0.42,0.0
baseline_noncooperative,409,2025-07-18 06:00:00,0,0.42,0.0
baseline_noncooperative,410,2025-07-18 06:15:00,0,0.42,0.0
baseline_noncooperative,411,2025-07-18 06:30:00,0,0.42,0.0
baseline_noncooperative,412,2025-07-18 06:45:00,0,0.42,0.0
baseline_noncooperative,413,2025-07-18 07:00:00,0,0.75,0.0
baseline_noncooperative,414,2025-07-18 07:15:00,0,0.75,0.0
baseline_noncooperative,415,2025-07-18 07:30:00,0,0.75,0.0
baseline_noncooperative,416,2025-07-18 07:45:00,0,0.75,0.0
baseline_noncooperative,417,2025-07-18 08:00:00,0,0.75,0.0
baseline_noncooperative,418,2025-07-18 08:15:00,0,0.75,0.0
baseline_noncooperative,419,2025-07-18 08:30:00,0,0.75,0.0
baseline_noncooperative,420,2025-07-18 08:45:00,0,0.75,0.0
baseline_noncooperative,421,2025-07-18 09:00:00,0,0.75,0.0
baseline_noncooperative,422,2025-07-18 09:15:00,0,0.75,0.0
baseline_noncooperative,423,2025-07-18 09:30:00,0,0.75,0.0
baseline_noncooperative,424,2025-07-18 09:45:00,0,0.75,0.0
baseline_noncooperative,425,2025-07-18 10:00:00,0,0.75,0.0
baseline_noncooperative,426,2025-07-18 10:15:00,0,0.75,0.0
baseline_noncooperative,427,2025-07-18 10:30:00,0,0.75,0.0
baseline_noncooperative,428,2025-07-18 10:45:00,0,0.75,0.0
baseline_noncooperative,429,2025-07-18 11:00:00,0,0.68,0.0
baseline_noncooperative,430,2025-07-18 11:15:00,0,0.68,0.0
baseline_noncooperative,431,2025-07-18 11:30:00,0,0.68,0.0
baseline_noncooperative,432,2025-07-18 11:45:00,0,0.68,0.0
baseline_noncooperative,433,2025-07-18 12:00:00,0,0.68,0.0
baseline_noncooperative,434,2025-07-18 12:15:00,0,0.68,0.0
baseline_noncooperative,435,2025-07-18 12:30:00,0,0.68,0.0
baseline_noncooperative,436,2025-07-18 12:45:00,0,0.68,0.0
baseline_noncooperative,437,2025-07-18 13:00:00,0,0.68,0.0
baseline_noncooperative,438,2025-07-18 13:15:00,0,0.68,0.0
baseline_noncooperative,439,2025-07-18 13:30:00,0,0.68,0.0
baseline_noncooperative,440,2025-07-18 13:45:00,0,0.68,0.0
baseline_noncooperative,441,2025-07-18 14:00:00,0,0.68,0.0
baseline_noncooperative,442,2025-07-18 14:15:00,0,0.68,0.0
baseline_noncooperative,443,2025-07-18 14:30:00,0,0.68,0.0
baseline_noncooperative,444,2025-07-18 14:45:00,0,0.68,0.0
baseline_noncooperative,445,2025-07-18 15:00:00,1,0.82,0.0
baseline_noncooperative,446,2025-07-18 15:15:00,1,0.82,0.0
baseline_noncooperative,447,2025-07-18 15:30:00,1,0.82,0.0
baseline_noncooperative,448,2025-07-18 15:45:00,1,0.82,0.0
baseline_noncooperative,449,2025-07-18 16:00:00,1,0.82,0.0
baseline_noncooperative,450,2025-07-18 16:15:00,1,0.82,0.0
baseline_noncooperative,451,2025-07-18 16:30:00,1,0.82,0.0
baseline_noncooperative,452,2025-07-18 16:45:00,1,0.82,0.0
baseline_noncooperative,453,2025-07-18 17:00:00,1,1.28,0.0
baseline_noncooperative,454,2025-07-18 17:15:00,1,1.28,0.0
baseline_noncooperative,455,2025-07-18 17:30:00,1,1.28,0.0
baseline_noncooperative,456,2025-07-18 17:45:00,1,1.28,0.0
baseline_noncooperative,457,2025-07-18 18:00:00,1,1.28,0.0
baseline_noncooperative,458,2025-07-18 18:15:00,1,1.28,0.0
baseline_noncooperative,459,2025-07-18 18:30:00,1,1.28,0.0
baseline_noncooperative,460,2025-07-18 18:45:00,1,1.28,0.0
baseline_noncooperative,461,2025-07-18 19:00:00,1,1.28,0.0
baseline_noncooperative,462,2025-07-18 19:15:00,1,1.28,0.0
baseline_noncooperative,463,2025-07-18 19:30:00,1,1.28,0.0
baseline_noncooperative,464,2025-07-18 19:45:00,1,1.28,0.0
baseline_noncooperative,465,2025-07-18 20:00:00,1,1.28,0.0
baseline_noncooperative,466,2025-07-18 20:15:00,1,1.28,0.0
baseline_noncooperative,467,2025-07-18 20:30:00,1,1.28,0.0
baseline_noncooperative,468,2025-07-18 20:45:00,1,1.28,0.0
baseline_noncooperative,469,2025-07-18 21:00:00,0,0.72,0.0
baseline_noncooperative,470,2025-07-18 21:15:00,0,0.72,0.0
baseline_noncooperative,471,2025-07-18 21:30:00,0,0.72,0.0
baseline_noncooperative,472,2025-07-18 21:45:00,0,0.72,0.0
baseline_noncooperative,473,2025-07-18 22:00:00,0,0.72,0.0
baseline_noncooperative,474,2025-07-18 22:15:00,0,0.72,0.0
baseline_noncooperative,475,2025-07-18 22:30:00,0,0.72,0.0
baseline_noncooperative,476,2025-07-18 22:45:00,0,0.72,0.0
baseline_noncooperative,477,2025-07-18 23:00:00,0,0.72,0.0
baseline_noncooperative,478,2025-07-18 23:15:00,0,0.72,0.0
baseline_noncooperative,479,2025-07-18 23:30:00,0,0.72,0.0
baseline_noncooperative,480,2025-07-18 23:45:00,0,0.72,0.0
baseline_noncooperative,481,2025-07-19 00:00:00,0,0.4,0.0
baseline_noncooperative,482,2025-07-19 00:15:00,0,0.4,0.0
baseline_noncooperative,483,2025-07-19 00:30:00,0,0.4,0.0
baseline_noncooperative,484,2025-07-19 00:45:00,0,0.4,0.0
baseline_noncooperative,485,2025-07-19 01:00:00,0,0.4,0.0
baseline_noncooperative,486,2025-07-19 01:15:00,0,0.4,0.0
baseline_noncooperative,487,2025-07-19 01:30:00,0,0.4,0.0
baseline_noncooperative,488,2025-07-19 01:45:00,0,0.4,0.0
baseline_noncooperative,489,2025-07-19 02:00:00,0,0.4,0.0
baseline_noncooperative,490,2025-07-19 02:15:00,0,0.4,0.0
baseline_noncooperative,491,2025-07-19 02:30:00,0,0.4,0.0
baseline_noncooperative,492,2025-07-19 02:45:00,0,0.4,0.0
baseline_noncooperative,493,2025-07-19 03:00:00,0,0.4,0.0
baseline_noncooperative,494,2025-07-19 03:15:00,0,0.4,0.0
baseline_noncooperative,495,2025-07-19 03:30:00,0,0.4,0.0
baseline_noncooperative,496,2025-07-19 03:45:00,0,0.4,0.0
baseline_noncooperative,497,2025-07-19 04:00:00,0,0.4,0.0
baseline_noncooperative,498,2025-07-19 04:15:00,0,0.4,0.0
baseline_noncooperative,499,2025-07-19 04:30:00,0,0.4,0.0
baseline_noncooperative,500,2025-07-19 04:45:00,0,0.4,0.0
baseline_noncooperative,501,2025-07-19 05:00:00,0,0.4,0.0
baseline_noncooperative,502,2025-07-19 05:15:00,0,0.4,0.0
baseline_noncooperative,503,2025-07-19 05:30:00,0,0.4,0.0
baseline_noncooperative,504,2025-07-19 05:45:00,0,0.4,0.0
baseline_noncooperative,505,2025-07-19 06:00:00,0,0.4,0.0
baseline_noncooperative,506,2025-07-19 06:15:00,0,0.4,0.0
baseline_noncooperative,507,2025-07-19 06:30:00,0,0.4,0.0
baseline_noncooperative,508,2025-07-19 06:45:00,0,0.4,0.0
baseline_noncooperative,509,2025-07-19 07:00:00,0,0.4,0.0
baseline_noncooperative,510,2025-07-19 07:15:00,0,0.4,0.0
baseline_noncooperative,511,2025-07-19 07:30:00,0,0.4,0.0
baseline_noncooperative,512,2025-07-19 07:45:00,0,0.4,0.0
baseline_noncooperative,513,2025-07-19 08:00:00,0,0.62,0.0
baseline_noncooperative,514,2025-07-19 08:15:00,0,0.62,0.0
baseline_noncooperative,515,2025-07-19 08:30:00,0,0.62,0.0
baseline_noncooperative,516,2025-07-19 08:45:00,0,0.62,0.0
baseline_noncooperative,517,2025-07-19 09:00:00,0,0.62,0.0
baseline_noncooperative,518,2025-07-19 09:15:00,0,0.62,0.0
baseline_noncooperative,519,2025-07-19 09:30:00,0,0.62,0.0
baseline_noncooperative,520,2025-07-19 09:45:00,0,0.62,0.0
baseline_noncooperative,521,2025-07-19 10:00:00,0,0.62,0.0
baseline_noncooperative,522,2025-07-19 10:15:00,0,0.62,0.0
baseline_noncooperative,523,2025-07-19 10:30:00,0,0.62,0.0
baseline_noncooperative,524,2025-07-19 10:45:00,0,0.62,0.0
baseline_noncooperative,525,2025-07-19 11:00:00,0,0.62,0.0
baseline_noncooperative,526,2025-07-19 11:15:00,0,0.62,0.0
baseline_noncooperative,527,2025-07-19 11:30:00,0,0.62,0.0
baseline_noncooperative,528,2025-07-19 11:45:00,0,0.62,0.0
baseline_noncooperative,529,2025-07-19 12:00:00,0,0.62,0.0
baseline_noncooperative,530,2025-07-19 12:15:00,0,0.62,0.0
baseline_noncooperative,531,2025-07-19 12:30:00,0,0.62,0.0
baseline_noncooperative,532,2025-07-19 12:45:00,0,0.62,0.0
baseline_noncooperative,533,2025-07-19 13:00:00,0,0.62,0.0
baseline_noncooperative,534,2025-07-19 13:15:00,0,0.62,0.0
baseline_noncooperative,535,2025-07-19 13:30:00,0,0.62,0.0
baseline_noncooperative,536,2025-07-19 13:45:00,0,0.62,0.0
baseline_noncooperative,537,2025-07-19 14:00:00,0,0.62,0.0
baseline_noncooperative,538,2025-07-19 14:15:00,0,0.62,0.0
baseline_noncooperative,539,2025-07-19 14:30:00,0,0.62,0.0
baseline_noncooperative,540,2025-07-19 14:45:00,0,0.62,0.0
baseline_noncooperative,541,2025-07-19 15:00:00,0,0.62,0.0
baseline_noncooperative,542,2025-07-19 15:15:00,0,0.62,0.0
baseline_noncooperative,543,2025-07-19 15:30:00,0,0.62,0.0
baseline_noncooperative,544,2025-07-19 15:45:00,0,0.62,0.0
baseline_noncooperative,545,2025-07-19 16:00:00,0,0.62,0.0
baseline_noncooperative,546,2025-07-19 16:15:00,0,0.62,0.0
baseline_noncooperative,547,2025-07-19 16:30:00,0,0.62,0.0
baseline_noncooperative,548,2025-07-19 16:45:00,0,0.62,0.0
baseline_noncooperative,549,2025-07-19 17:00:00,0,0.62,0.0
baseline_noncooperative,550,2025-07-19 17:15:00,0,0.62,0.0
baseline_noncooperative,551,2025-07-19 17:30:00,0,0.62,0.0
baseline_noncooperative,552,2025-07-19 17:45:00,0,0.62,0.0
baseline_noncooperative,553,2025-07-19 18:00:00,1,0.78,0.0
baseline_noncooperative,554,2025-07-19 18:15:00,1,0.78,0.0
baseline_noncooperative,555,2025-07-19 18:30:00,1,0.78,0.0
baseline_noncooperative,556,2025-07-19 18:45:00,1,0.78,0.0
baseline_noncooperative,557,2025-07-19 19:00:00,1,0.78,0.0
baseline_noncooperative,558,2025-07-19 19:15:00,1,0.78,0.0
baseline_noncooperative,559,2025-07-19 19:30:00,1,0.78,0.0
baseline_noncooperative,560,2025-07-19 19:45:00,1,0.78,0.0
baseline_noncooperative,561,2025-07-19 20:00:00,1,0.78,0.0
baseline_noncooperative,562,2025-07-19 20:15:00,1,0.78,0.0
baseline_noncooperative,563,2025-07-19 20:30:00,1,0.78,0.0
baseline_noncooperative,564,2025-07-19 20:45:00,1,0.78,0.0
baseline_noncooperative,565,2025-07-19 21:00:00,0,0.55,0.0
baseline_noncooperative,566,2025-07-19 21:15:00,0,0.55,0.0
baseline_noncooperative,567,2025-07-19 21:30:00,0,0.55,0.0
baseline_noncooperative,568,2025-07-19 21:45:00,0,0.55,0.0
baseline_noncooperative,569,2025-07-19 22:00:00,0,0.55,0.0
baseline_noncooperative,570,2025-07-19 22:15:00,0,0.55,0.0
baseline_noncooperative,571,2025-07-19 22:30:00,0,0.55,0.0
baseline_noncooperative,572,2025-07-19 22:45:00,0,0.55,0.0
baseline_noncooperative,573,2025-07-19 23:00:00,0,0.55,0.0
baseline_noncooperative,574,2025-07-19 23:15:00,0,0.55,0.0
baseline_noncooperative,575,2025-07-19 23:30:00,0,0.55,0.0
baseline_noncooperative,576,2025-07-19 23:45:00,0,0.55,0.0
baseline_noncooperative,577,2025-07-20 00:00:00,0,0.4,0.0
baseline_noncooperative,578,2025-07-20 00:15:00,0,0.4,0.0
baseline_noncooperative,579,2025-07-20 00:30:00,0,0.4,0.0
baseline_noncooperative,580,2025-07-20 00:45:00,0,0.4,0.0
baseline_noncooperative,581,2025-07-20 01:00:00,0,0.4,0.0
baseline_noncooperative,582,2025-07-20 01:15:00,0,0.4,0.0
baseline_noncooperative,583,2025-07-20 01:30:00,0,0.4,0.0
baseline_noncooperative,584,2025-07-20 01:45:00,0,0.4,0.0
baseline_noncooperative,585,2025-07-20 02:00:00,0,0.4,0.0
baseline_noncooperative,586,2025-07-20 02:15:00,0,0.4,0.0
baseline_noncooperative,587,2025-07-20 02:30:00,0,0.4,0.0
baseline_noncooperative,588,2025-07-20 02:45:00,0,0.4,0.0
baseline_noncooperative,589,2025-07-20 03:00:00,0,0.4,0.0
baseline_noncooperative,590,2025-07-20 03:15:00,0,0.4,0.0
baseline_noncooperative,591,2025-07-20 03:30:00,0,0.4,0.0
baseline_noncooperative,592,2025-07-20 03:45:00,0,0.4,0.0
baseline_noncooperative,593,2025-07-20 04:00:00,0,0.4,0.0
baseline_noncooperative,594,2025-07-20 04:15:00,0,0.4,0.0
baseline_noncooperative,595,2025-07-20 04:30:00,0,0.4,0.0
baseline_noncooperative,596,2025-07-20 04:45:00,0,0.4,0.0
baseline_noncooperative,597,2025-07-20 05:00:00,0,0.4,0.0
baseline_noncooperative,598,2025-07-20 05:15:00,0,0.4,0.0
baseline_noncooperative,599,2025-07-20 05:30:00,0,0.4,0.0
baseline_noncooperative,600,2025-07-20 05:45:00,0,0.4,0.0
baseline_noncooperative,601,2025-07-20 06:00:00,0,0.4,0.0
baseline_noncooperative,602,2025-07-20 06:15:00,0,0.4,0.0
baseline_noncooperative,603,2025-07-20 06:30:00,0,0.4,0.0
baseline_noncooperative,604,2025-07-20 06:45:00,0,0.4,0.0
baseline_noncooperative,605,2025-07-20 07:00:00,0,0.4,0.0
baseline_noncooperative,606,2025-07-20 07:15:00,0,0.4,0.0
baseline_noncooperative,607,2025-07-20 07:30:00,0,0.4,0.0
baseline_noncooperative,608,2025-07-20 07:45:00,0,0.4,0.0
baseline_noncooperative,609,2025-07-20 08:00:00,0,0.62,0.0
baseline_noncooperative,610,2025-07-20 08:15:00,0,0.62,0.0
baseline_noncooperative,611,2025-07-20 08:30:00,0,0.62,0.0
baseline_noncooperative,612,2025-07-20 08:45:00,0,0.62,0.0
baseline_noncooperative,613,2025-07-20 09:00:00,0,0.62,0.0
baseline_noncooperative,614,2025-07-20 09:15:00,0,0.62,0.0
baseline_noncooperative,615,2025-07-20 09:30:00,0,0.62,0.0
baseline_noncooperative,616,2025-07-20 09:45:00,0,0.62,0.0
baseline_noncooperative,617,2025-07-20 10:00:00,0,0.62,0.0
baseline_noncooperative,618,2025-07-20 10:15:00,0,0.62,0.0
baseline_noncooperative,619,2025-07-20 10:30:00,0,0.62,0.0
baseline_noncooperative,620,2025-07-20 10:45:00,0,0.62,0.0
baseline_noncooperative,621,2025-07-20 11:00:00,0,0.62,0.0
baseline_noncooperative,622,2025-07-20 11:15:00,0,0.62,0.0
baseline_noncooperative,623,2025-07-20 11:30:00,0,0.62,0.0
baseline_noncooperative,624,2025-07-20 11:45:00,0,0.62,0.0
baseline_noncooperative,625,2025-07-20 12:00:00,0,0.62,0.0
baseline_noncooperative,626,2025-07-20 12:15:00,0,0.62,0.0
baseline_noncooperative,627,2025-07-20 12:30:00,0,0.62,0.0
baseline_noncooperative,628,2025-07-20 12:45:00,0,0.62,0.0
baseline_noncooperative,629,2025-07-20 13:00:00,0,0.62,0.0
baseline_noncooperative,630,2025-07-20 13:15:00,0,0.62,0.0
baseline_noncooperative,631,2025-07-20 13:30:00,0,0.62,0.0
baseline_noncooperative,632,2025-07-20 13:45:00,0,0.62,0.0
baseline_noncooperative,633,2025-07-20 14:00:00,0,0.62,0.0
baseline_noncooperative,634,2025-07-20 14:15:00,0,0.62,0.0
baseline_noncooperative,635,2025-07-20 14:30:00,0,0.62,0.0
baseline_noncooperative,636,2025-07-20 14:45:00,0,0.62,0.0
baseline_noncooperative,637,2025-07-20 15:00:00,0,0.62,0.0
baseline_noncooperative,638,2025-07-20 15:15:00,0,0.62,0.0
baseline_noncooperative,639,2025-07-20 15:30:00,0,0.62,0.0
baseline_noncooperative,640,2025-07-20 15:45:00,0,0.62,0.0
baseline_noncooperative,641,2025-07-20 16:00:00,0,0.62,0.0
baseline_noncooperative,642,2025-07-20 16:15:00,0,0.62,0.0
baseline_noncooperative,643,2025-07-20 16:30:00,0,0.62,0.0
baseline_noncooperative,644,2025-07-20 16:45:00,0,0.62,0.0
baseline_noncooperative,645,2025-07-20 17:00:00,0,0.62,0.0
baseline_noncooperative,646,2025-07-20 17:15:00,0,0.62,0.0
baseline_noncooperative,647,2025-07-20 17:30:00,0,0.62,0.0
baseline_noncooperative,648,2025-07-20 17:45:00,0,0.62,0.0
baseline_noncooperative,649,2025-07-20 18:00:00,1,0.78,0.0
baseline_noncooperative,650,2025-07-20 18:15:00,1,0.78,0.0
baseline_noncooperative,651,2025-07-20 18:30:00,1,0.78,0.0
baseline_noncooperative,652,2025-07-20 18:45:00,1,0.78,0.0
baseline_noncooperative,653,2025-07-20 19:00:00,1,0.78,0.0
baseline_noncooperative,654,2025-07-20 19:15:00,1,0.78,0.0
baseline_noncooperative,655,2025-07-20 19:30:00,1,0.78,0.0
baseline_noncooperative,656,2025-07-20 19:45:00,1,0.78,0.0
baseline_noncooperative,657,2025-07-20 20:00:00,1,0.78,0.0
baseline_noncooperative,658,2025-07-20 20:15:00,1,0.78,0.0
baseline_noncooperative,659,2025-07-20 20:30:00,1,0.78,0.0
baseline_noncooperative,660,2025-07-20 20:45:00,1,0.78,0.0
baseline_noncooperative,661,2025-07-20 21:00:00,0,0.55,0.0
baseline_noncooperative,662,2025-07-20 21:15:00,0,0.55,0.0
baseline_noncooperative,663,2025-07-20 21:30:00,0,0.55,0.0
baseline_noncooperative,664,2025-07-20 21:45:00,0,0.55,0.0
baseline_noncooperative,665,2025-07-20 22:00:00,0,0.55,0.0
baseline_noncooperative,666,2025-07-20 22:15:00,0,0.55,0.0
baseline_noncooperative,667,2025-07-20 22:30:00,0,0.55,0.0
baseline_noncooperative,668,2025-07-20 22:45:00,0,0.55,0.0
baseline_noncooperative,669,2025-07-20 23:00:00,0,0.55,0.0
baseline_noncooperative,670,2025-07-20 23:15:00,0,0.55,0.0
baseline_noncooperative,671,2025-07-20 23:30:00,0,0.55,0.0
baseline_noncooperative,672,2025-07-20 23:45:00,0,0.55,0.0
